week_of,rank_current_week,title,artist,rank_prior_week,peak_pos,weeks_on_chart,artist_title,base_artist,expand,key
12/25/2010,68,rolling in the deep,Adele,-,68,1,Adele-Rolling In The Deep,adele,,adele_rolling in the deep
1/29/2011,97,rolling in the deep,Adele,-,68,2,Adele-Rolling In The Deep,adele,,adele_rolling in the deep
2/5/2011,84,rolling in the deep,Adele,97,68,3,Adele-Rolling In The Deep,adele,,adele_rolling in the deep
2/12/2011,69,rolling in the deep,Adele,84,68,4,Adele-Rolling In The Deep,adele,,adele_rolling in the deep
2/12/2011,78,party rock anthem,LMFAO Featuring Lauren Bennett & GoonRock,-,78,1,LMFAO Featuring Lauren Bennett & GoonRock-Party Rock Anthem,lmfao,Lauren Bennett & GoonRock,lmfao_party rock anthem
2/19/2011,64,rolling in the deep,Adele,69,64,5,Adele-Rolling In The Deep,adele,,adele_rolling in the deep
2/26/2011,41,rolling in the deep,Adele,64,41,6,Adele-Rolling In The Deep,adele,,adele_rolling in the deep
3/5/2011,26,rolling in the deep,Adele,41,26,7,Adele-Rolling In The Deep,adele,,adele_rolling in the deep
3/12/2011,13,rolling in the deep,Adele,26,13,8,Adele-Rolling In The Deep,adele,,adele_rolling in the deep
3/19/2011,18,rolling in the deep,Adele,13,13,9,Adele-Rolling In The Deep,adele,,adele_rolling in the deep
3/26/2011,25,rolling in the deep,Adele,18,13,10,Adele-Rolling In The Deep,adele,,adele_rolling in the deep
4/2/2011,26,rolling in the deep,Adele,25,13,11,Adele-Rolling In The Deep,adele,,adele_rolling in the deep
4/9/2011,17,rolling in the deep,Adele,26,13,12,Adele-Rolling In The Deep,adele,,adele_rolling in the deep
4/16/2011,10,rolling in the deep,Adele,17,10,13,Adele-Rolling In The Deep,adele,,adele_rolling in the deep
4/16/2011,88,party rock anthem,LMFAO Featuring Lauren Bennett & GoonRock,-,78,2,LMFAO Featuring Lauren Bennett & GoonRock-Party Rock Anthem,lmfao,Lauren Bennett & GoonRock,lmfao_party rock anthem
4/23/2011,10,rolling in the deep,Adele,10,10,14,Adele-Rolling In The Deep,adele,,adele_rolling in the deep
4/23/2011,66,party rock anthem,LMFAO Featuring Lauren Bennett & GoonRock,88,66,3,LMFAO Featuring Lauren Bennett & GoonRock-Party Rock Anthem,lmfao,Lauren Bennett & GoonRock,lmfao_party rock anthem
4/30/2011,6,rolling in the deep,Adele,10,6,15,Adele-Rolling In The Deep,adele,,adele_rolling in the deep
4/30/2011,56,party rock anthem,LMFAO Featuring Lauren Bennett & GoonRock,66,56,4,LMFAO Featuring Lauren Bennett & GoonRock-Party Rock Anthem,lmfao,Lauren Bennett & GoonRock,lmfao_party rock anthem
5/7/2011,2,rolling in the deep,Adele,6,2,16,Adele-Rolling In The Deep,adele,,adele_rolling in the deep
5/7/2011,52,party rock anthem,LMFAO Featuring Lauren Bennett & GoonRock,56,52,5,LMFAO Featuring Lauren Bennett & GoonRock-Party Rock Anthem,lmfao,Lauren Bennett & GoonRock,lmfao_party rock anthem
5/14/2011,2,rolling in the deep,Adele,2,2,17,Adele-Rolling In The Deep,adele,,adele_rolling in the deep
5/14/2011,38,party rock anthem,LMFAO Featuring Lauren Bennett & GoonRock,52,38,6,LMFAO Featuring Lauren Bennett & GoonRock-Party Rock Anthem,lmfao,Lauren Bennett & GoonRock,lmfao_party rock anthem
5/21/2011,1,rolling in the deep,Adele,2,1,18,Adele-Rolling In The Deep,adele,,adele_rolling in the deep
5/21/2011,24,party rock anthem,LMFAO Featuring Lauren Bennett & GoonRock,38,24,7,LMFAO Featuring Lauren Bennett & GoonRock-Party Rock Anthem,lmfao,Lauren Bennett & GoonRock,lmfao_party rock anthem
5/28/2011,1,rolling in the deep,Adele,1,1,19,Adele-Rolling In The Deep,adele,,adele_rolling in the deep
5/28/2011,20,party rock anthem,LMFAO Featuring Lauren Bennett & GoonRock,24,20,8,LMFAO Featuring Lauren Bennett & GoonRock-Party Rock Anthem,lmfao,Lauren Bennett & GoonRock,lmfao_party rock anthem
6/4/2011,1,rolling in the deep,Adele,1,1,20,Adele-Rolling In The Deep,adele,,adele_rolling in the deep
6/4/2011,8,party rock anthem,LMFAO Featuring Lauren Bennett & GoonRock,20,8,9,LMFAO Featuring Lauren Bennett & GoonRock-Party Rock Anthem,lmfao,Lauren Bennett & GoonRock,lmfao_party rock anthem
6/11/2011,1,rolling in the deep,Adele,1,1,21,Adele-Rolling In The Deep,adele,,adele_rolling in the deep
6/11/2011,9,party rock anthem,LMFAO Featuring Lauren Bennett & GoonRock,8,8,10,LMFAO Featuring Lauren Bennett & GoonRock-Party Rock Anthem,lmfao,Lauren Bennett & GoonRock,lmfao_party rock anthem
6/18/2011,1,rolling in the deep,Adele,1,1,22,Adele-Rolling In The Deep,adele,,adele_rolling in the deep
6/18/2011,6,party rock anthem,LMFAO Featuring Lauren Bennett & GoonRock,9,6,11,LMFAO Featuring Lauren Bennett & GoonRock-Party Rock Anthem,lmfao,Lauren Bennett & GoonRock,lmfao_party rock anthem
6/25/2011,1,rolling in the deep,Adele,1,1,23,Adele-Rolling In The Deep,adele,,adele_rolling in the deep
6/25/2011,3,party rock anthem,LMFAO Featuring Lauren Bennett & GoonRock,6,3,12,LMFAO Featuring Lauren Bennett & GoonRock-Party Rock Anthem,lmfao,Lauren Bennett & GoonRock,lmfao_party rock anthem
7/2/2011,1,rolling in the deep,Adele,1,1,24,Adele-Rolling In The Deep,adele,,adele_rolling in the deep
7/2/2011,3,party rock anthem,LMFAO Featuring Lauren Bennett & GoonRock,3,3,13,LMFAO Featuring Lauren Bennett & GoonRock-Party Rock Anthem,lmfao,Lauren Bennett & GoonRock,lmfao_party rock anthem
7/9/2011,2,rolling in the deep,Adele,1,1,25,Adele-Rolling In The Deep,adele,,adele_rolling in the deep
7/9/2011,3,party rock anthem,LMFAO Featuring Lauren Bennett & GoonRock,3,3,14,LMFAO Featuring Lauren Bennett & GoonRock-Party Rock Anthem,lmfao,Lauren Bennett & GoonRock,lmfao_party rock anthem
7/16/2011,1,party rock anthem,LMFAO Featuring Lauren Bennett & GoonRock,3,1,15,LMFAO Featuring Lauren Bennett & GoonRock-Party Rock Anthem,lmfao,Lauren Bennett & GoonRock,lmfao_party rock anthem
7/16/2011,3,rolling in the deep,Adele,2,1,26,Adele-Rolling In The Deep,adele,,adele_rolling in the deep
7/23/2011,1,party rock anthem,LMFAO Featuring Lauren Bennett & GoonRock,1,1,16,LMFAO Featuring Lauren Bennett & GoonRock-Party Rock Anthem,lmfao,Lauren Bennett & GoonRock,lmfao_party rock anthem
7/23/2011,3,rolling in the deep,Adele,3,1,27,Adele-Rolling In The Deep,adele,,adele_rolling in the deep
7/30/2011,1,party rock anthem,LMFAO Featuring Lauren Bennett & GoonRock,1,1,17,LMFAO Featuring Lauren Bennett & GoonRock-Party Rock Anthem,lmfao,Lauren Bennett & GoonRock,lmfao_party rock anthem
7/30/2011,4,rolling in the deep,Adele,3,1,28,Adele-Rolling In The Deep,adele,,adele_rolling in the deep
8/6/2011,1,party rock anthem,LMFAO Featuring Lauren Bennett & GoonRock,1,1,18,LMFAO Featuring Lauren Bennett & GoonRock-Party Rock Anthem,lmfao,Lauren Bennett & GoonRock,lmfao_party rock anthem
8/6/2011,5,rolling in the deep,Adele,4,1,29,Adele-Rolling In The Deep,adele,,adele_rolling in the deep
8/13/2011,1,party rock anthem,LMFAO Featuring Lauren Bennett & GoonRock,1,1,19,LMFAO Featuring Lauren Bennett & GoonRock-Party Rock Anthem,lmfao,Lauren Bennett & GoonRock,lmfao_party rock anthem
8/13/2011,6,rolling in the deep,Adele,5,1,30,Adele-Rolling In The Deep,adele,,adele_rolling in the deep
8/20/2011,1,party rock anthem,LMFAO Featuring Lauren Bennett & GoonRock,1,1,20,LMFAO Featuring Lauren Bennett & GoonRock-Party Rock Anthem,lmfao,Lauren Bennett & GoonRock,lmfao_party rock anthem
8/20/2011,9,rolling in the deep,Adele,6,1,31,Adele-Rolling In The Deep,adele,,adele_rolling in the deep
8/27/2011,2,party rock anthem,LMFAO Featuring Lauren Bennett & GoonRock,1,1,21,LMFAO Featuring Lauren Bennett & GoonRock-Party Rock Anthem,lmfao,Lauren Bennett & GoonRock,lmfao_party rock anthem
8/27/2011,12,rolling in the deep,Adele,9,1,32,Adele-Rolling In The Deep,adele,,adele_rolling in the deep
9/3/2011,2,party rock anthem,LMFAO Featuring Lauren Bennett & GoonRock,2,1,22,LMFAO Featuring Lauren Bennett & GoonRock-Party Rock Anthem,lmfao,Lauren Bennett & GoonRock,lmfao_party rock anthem
9/3/2011,13,rolling in the deep,Adele,12,1,33,Adele-Rolling In The Deep,adele,,adele_rolling in the deep
9/10/2011,2,party rock anthem,LMFAO Featuring Lauren Bennett & GoonRock,2,1,23,LMFAO Featuring Lauren Bennett & GoonRock-Party Rock Anthem,lmfao,Lauren Bennett & GoonRock,lmfao_party rock anthem
9/10/2011,14,rolling in the deep,Adele,13,1,34,Adele-Rolling In The Deep,adele,,adele_rolling in the deep
9/17/2011,4,party rock anthem,LMFAO Featuring Lauren Bennett & GoonRock,2,1,24,LMFAO Featuring Lauren Bennett & GoonRock-Party Rock Anthem,lmfao,Lauren Bennett & GoonRock,lmfao_party rock anthem
9/17/2011,17,rolling in the deep,Adele,14,1,35,Adele-Rolling In The Deep,adele,,adele_rolling in the deep
9/24/2011,4,party rock anthem,LMFAO Featuring Lauren Bennett & GoonRock,4,1,25,LMFAO Featuring Lauren Bennett & GoonRock-Party Rock Anthem,lmfao,Lauren Bennett & GoonRock,lmfao_party rock anthem
9/24/2011,17,rolling in the deep,Adele,17,1,36,Adele-Rolling In The Deep,adele,,adele_rolling in the deep
10/1/2011,4,party rock anthem,LMFAO Featuring Lauren Bennett & GoonRock,4,1,26,LMFAO Featuring Lauren Bennett & GoonRock-Party Rock Anthem,lmfao,Lauren Bennett & GoonRock,lmfao_party rock anthem
10/1/2011,20,rolling in the deep,Adele,17,1,37,Adele-Rolling In The Deep,adele,,adele_rolling in the deep
10/8/2011,4,party rock anthem,LMFAO Featuring Lauren Bennett & GoonRock,4,1,27,LMFAO Featuring Lauren Bennett & GoonRock-Party Rock Anthem,lmfao,Lauren Bennett & GoonRock,lmfao_party rock anthem
10/8/2011,22,rolling in the deep,Adele,20,1,38,Adele-Rolling In The Deep,adele,,adele_rolling in the deep
10/15/2011,5,party rock anthem,LMFAO Featuring Lauren Bennett & GoonRock,4,1,28,LMFAO Featuring Lauren Bennett & GoonRock-Party Rock Anthem,lmfao,Lauren Bennett & GoonRock,lmfao_party rock anthem
10/15/2011,21,rolling in the deep,Adele,22,1,39,Adele-Rolling In The Deep,adele,,adele_rolling in the deep
10/22/2011,6,party rock anthem,LMFAO Featuring Lauren Bennett & GoonRock,5,1,29,LMFAO Featuring Lauren Bennett & GoonRock-Party Rock Anthem,lmfao,Lauren Bennett & GoonRock,lmfao_party rock anthem
10/22/2011,21,rolling in the deep,Adele,21,1,40,Adele-Rolling In The Deep,adele,,adele_rolling in the deep
10/29/2011,9,party rock anthem,LMFAO Featuring Lauren Bennett & GoonRock,6,1,30,LMFAO Featuring Lauren Bennett & GoonRock-Party Rock Anthem,lmfao,Lauren Bennett & GoonRock,lmfao_party rock anthem
10/29/2011,23,rolling in the deep,Adele,21,1,41,Adele-Rolling In The Deep,adele,,adele_rolling in the deep
11/5/2011,10,party rock anthem,LMFAO Featuring Lauren Bennett & GoonRock,9,1,31,LMFAO Featuring Lauren Bennett & GoonRock-Party Rock Anthem,lmfao,Lauren Bennett & GoonRock,lmfao_party rock anthem
11/5/2011,27,rolling in the deep,Adele,23,1,42,Adele-Rolling In The Deep,adele,,adele_rolling in the deep
11/12/2011,8,party rock anthem,LMFAO Featuring Lauren Bennett & GoonRock,10,1,32,LMFAO Featuring Lauren Bennett & GoonRock-Party Rock Anthem,lmfao,Lauren Bennett & GoonRock,lmfao_party rock anthem
11/12/2011,29,rolling in the deep,Adele,27,1,43,Adele-Rolling In The Deep,adele,,adele_rolling in the deep
11/19/2011,10,party rock anthem,LMFAO Featuring Lauren Bennett & GoonRock,8,1,33,LMFAO Featuring Lauren Bennett & GoonRock-Party Rock Anthem,lmfao,Lauren Bennett & GoonRock,lmfao_party rock anthem
11/19/2011,28,rolling in the deep,Adele,29,1,44,Adele-Rolling In The Deep,adele,,adele_rolling in the deep
11/26/2011,14,party rock anthem,LMFAO Featuring Lauren Bennett & GoonRock,10,1,34,LMFAO Featuring Lauren Bennett & GoonRock-Party Rock Anthem,lmfao,Lauren Bennett & GoonRock,lmfao_party rock anthem
11/26/2011,34,rolling in the deep,Adele,28,1,45,Adele-Rolling In The Deep,adele,,adele_rolling in the deep
12/3/2011,16,party rock anthem,LMFAO Featuring Lauren Bennett & GoonRock,14,1,35,LMFAO Featuring Lauren Bennett & GoonRock-Party Rock Anthem,lmfao,Lauren Bennett & GoonRock,lmfao_party rock anthem
12/3/2011,36,rolling in the deep,Adele,34,1,46,Adele-Rolling In The Deep,adele,,adele_rolling in the deep
12/10/2011,10,party rock anthem,LMFAO Featuring Lauren Bennett & GoonRock,16,1,36,LMFAO Featuring Lauren Bennett & GoonRock-Party Rock Anthem,lmfao,Lauren Bennett & GoonRock,lmfao_party rock anthem
12/10/2011,38,rolling in the deep,Adele,36,1,47,Adele-Rolling In The Deep,adele,,adele_rolling in the deep
12/17/2011,12,party rock anthem,LMFAO Featuring Lauren Bennett & GoonRock,10,1,37,LMFAO Featuring Lauren Bennett & GoonRock-Party Rock Anthem,lmfao,Lauren Bennett & GoonRock,lmfao_party rock anthem
12/17/2011,36,rolling in the deep,Adele,38,1,48,Adele-Rolling In The Deep,adele,,adele_rolling in the deep
12/24/2011,13,party rock anthem,LMFAO Featuring Lauren Bennett & GoonRock,12,1,38,LMFAO Featuring Lauren Bennett & GoonRock-Party Rock Anthem,lmfao,Lauren Bennett & GoonRock,lmfao_party rock anthem
12/24/2011,40,rolling in the deep,Adele,36,1,49,Adele-Rolling In The Deep,adele,,adele_rolling in the deep
12/31/2011,15,party rock anthem,LMFAO Featuring Lauren Bennett & GoonRock,13,1,39,LMFAO Featuring Lauren Bennett & GoonRock-Party Rock Anthem,lmfao,Lauren Bennett & GoonRock,lmfao_party rock anthem
12/31/2011,41,rolling in the deep,Adele,40,1,50,Adele-Rolling In The Deep,adele,,adele_rolling in the deep
1/7/2012,9,party rock anthem,LMFAO Featuring Lauren Bennett & GoonRock,15,1,40,LMFAO Featuring Lauren Bennett & GoonRock-Party Rock Anthem,lmfao,Lauren Bennett & GoonRock,lmfao_party rock anthem
1/7/2012,35,rolling in the deep,Adele,41,1,51,Adele-Rolling In The Deep,adele,,adele_rolling in the deep
1/14/2012,6,party rock anthem,LMFAO Featuring Lauren Bennett & GoonRock,9,1,41,LMFAO Featuring Lauren Bennett & GoonRock-Party Rock Anthem,lmfao,Lauren Bennett & GoonRock,lmfao_party rock anthem
1/14/2012,30,rolling in the deep,Adele,35,1,52,Adele-Rolling In The Deep,adele,,adele_rolling in the deep
1/21/2012,9,party rock anthem,LMFAO Featuring Lauren Bennett & GoonRock,6,1,42,LMFAO Featuring Lauren Bennett & GoonRock-Party Rock Anthem,lmfao,Lauren Bennett & GoonRock,lmfao_party rock anthem
1/21/2012,36,rolling in the deep,Adele,30,1,53,Adele-Rolling In The Deep,adele,,adele_rolling in the deep
1/21/2012,91,somebody that i used to know,Gotye Featuring Kimbra,-,91,1,Gotye Featuring Kimbra-Somebody That I Used To Know,gotye,Kimbra,gotye_somebody that i used to know
1/28/2012,12,party rock anthem,LMFAO Featuring Lauren Bennett & GoonRock,9,1,43,LMFAO Featuring Lauren Bennett & GoonRock-Party Rock Anthem,lmfao,Lauren Bennett & GoonRock,lmfao_party rock anthem
1/28/2012,40,rolling in the deep,Adele,36,1,54,Adele-Rolling In The Deep,adele,,adele_rolling in the deep
1/28/2012,58,somebody that i used to know,Gotye Featuring Kimbra,91,58,2,Gotye Featuring Kimbra-Somebody That I Used To Know,gotye,Kimbra,gotye_somebody that i used to know
2/4/2012,16,party rock anthem,LMFAO Featuring Lauren Bennett & GoonRock,12,1,44,LMFAO Featuring Lauren Bennett & GoonRock-Party Rock Anthem,lmfao,Lauren Bennett & GoonRock,lmfao_party rock anthem
2/4/2012,41,rolling in the deep,Adele,40,1,55,Adele-Rolling In The Deep,adele,,adele_rolling in the deep
2/4/2012,50,somebody that i used to know,Gotye Featuring Kimbra,58,50,3,Gotye Featuring Kimbra-Somebody That I Used To Know,gotye,Kimbra,gotye_somebody that i used to know
2/11/2012,20,party rock anthem,LMFAO Featuring Lauren Bennett & GoonRock,16,1,45,LMFAO Featuring Lauren Bennett & GoonRock-Party Rock Anthem,lmfao,Lauren Bennett & GoonRock,lmfao_party rock anthem
2/11/2012,31,somebody that i used to know,Gotye Featuring Kimbra,50,31,4,Gotye Featuring Kimbra-Somebody That I Used To Know,gotye,Kimbra,gotye_somebody that i used to know
2/11/2012,43,rolling in the deep,Adele,41,1,56,Adele-Rolling In The Deep,adele,,adele_rolling in the deep
2/18/2012,20,party rock anthem,LMFAO Featuring Lauren Bennett & GoonRock,20,1,46,LMFAO Featuring Lauren Bennett & GoonRock-Party Rock Anthem,lmfao,Lauren Bennett & GoonRock,lmfao_party rock anthem
2/18/2012,27,somebody that i used to know,Gotye Featuring Kimbra,31,27,5,Gotye Featuring Kimbra-Somebody That I Used To Know,gotye,Kimbra,gotye_somebody that i used to know
2/18/2012,44,rolling in the deep,Adele,43,1,57,Adele-Rolling In The Deep,adele,,adele_rolling in the deep
2/25/2012,17,rolling in the deep,Adele,44,1,58,Adele-Rolling In The Deep,adele,,adele_rolling in the deep
2/25/2012,18,party rock anthem,LMFAO Featuring Lauren Bennett & GoonRock,20,1,47,LMFAO Featuring Lauren Bennett & GoonRock-Party Rock Anthem,lmfao,Lauren Bennett & GoonRock,lmfao_party rock anthem
2/25/2012,26,somebody that i used to know,Gotye Featuring Kimbra,27,26,6,Gotye Featuring Kimbra-Somebody That I Used To Know,gotye,Kimbra,gotye_somebody that i used to know
3/3/2012,5,rolling in the deep,Adele,17,1,59,Adele-Rolling In The Deep,adele,,adele_rolling in the deep
3/3/2012,27,somebody that i used to know,Gotye Featuring Kimbra,26,26,7,Gotye Featuring Kimbra-Somebody That I Used To Know,gotye,Kimbra,gotye_somebody that i used to know
3/3/2012,29,party rock anthem,LMFAO Featuring Lauren Bennett & GoonRock,18,1,48,LMFAO Featuring Lauren Bennett & GoonRock-Party Rock Anthem,lmfao,Lauren Bennett & GoonRock,lmfao_party rock anthem
3/10/2012,16,somebody that i used to know,Gotye Featuring Kimbra,27,16,8,Gotye Featuring Kimbra-Somebody That I Used To Know,gotye,Kimbra,gotye_somebody that i used to know
3/10/2012,23,rolling in the deep,Adele,5,1,60,Adele-Rolling In The Deep,adele,,adele_rolling in the deep
3/10/2012,26,party rock anthem,LMFAO Featuring Lauren Bennett & GoonRock,29,1,49,LMFAO Featuring Lauren Bennett & GoonRock-Party Rock Anthem,lmfao,Lauren Bennett & GoonRock,lmfao_party rock anthem
3/17/2012,9,somebody that i used to know,Gotye Featuring Kimbra,16,9,9,Gotye Featuring Kimbra-Somebody That I Used To Know,gotye,Kimbra,gotye_somebody that i used to know
3/17/2012,25,party rock anthem,LMFAO Featuring Lauren Bennett & GoonRock,26,1,50,LMFAO Featuring Lauren Bennett & GoonRock-Party Rock Anthem,lmfao,Lauren Bennett & GoonRock,lmfao_party rock anthem
3/17/2012,32,rolling in the deep,Adele,23,1,61,Adele-Rolling In The Deep,adele,,adele_rolling in the deep
3/24/2012,5,somebody that i used to know,Gotye Featuring Kimbra,9,5,10,Gotye Featuring Kimbra-Somebody That I Used To Know,gotye,Kimbra,gotye_somebody that i used to know
3/24/2012,26,party rock anthem,LMFAO Featuring Lauren Bennett & GoonRock,25,1,51,LMFAO Featuring Lauren Bennett & GoonRock-Party Rock Anthem,lmfao,Lauren Bennett & GoonRock,lmfao_party rock anthem
3/24/2012,30,rolling in the deep,Adele,32,1,62,Adele-Rolling In The Deep,adele,,adele_rolling in the deep
3/31/2012,5,somebody that i used to know,Gotye Featuring Kimbra,5,5,11,Gotye Featuring Kimbra-Somebody That I Used To Know,gotye,Kimbra,gotye_somebody that i used to know
3/31/2012,27,party rock anthem,LMFAO Featuring Lauren Bennett & GoonRock,26,1,52,LMFAO Featuring Lauren Bennett & GoonRock-Party Rock Anthem,lmfao,Lauren Bennett & GoonRock,lmfao_party rock anthem
3/31/2012,33,rolling in the deep,Adele,30,1,63,Adele-Rolling In The Deep,adele,,adele_rolling in the deep
4/7/2012,4,somebody that i used to know,Gotye Featuring Kimbra,5,4,12,Gotye Featuring Kimbra-Somebody That I Used To Know,gotye,Kimbra,gotye_somebody that i used to know
4/7/2012,29,party rock anthem,LMFAO Featuring Lauren Bennett & GoonRock,27,1,53,LMFAO Featuring Lauren Bennett & GoonRock-Party Rock Anthem,lmfao,Lauren Bennett & GoonRock,lmfao_party rock anthem
4/7/2012,43,rolling in the deep,Adele,33,1,64,Adele-Rolling In The Deep,adele,,adele_rolling in the deep
4/14/2012,3,somebody that i used to know,Gotye Featuring Kimbra,4,3,13,Gotye Featuring Kimbra-Somebody That I Used To Know,gotye,Kimbra,gotye_somebody that i used to know
4/14/2012,32,party rock anthem,LMFAO Featuring Lauren Bennett & GoonRock,29,1,54,LMFAO Featuring Lauren Bennett & GoonRock-Party Rock Anthem,lmfao,Lauren Bennett & GoonRock,lmfao_party rock anthem
4/14/2012,49,rolling in the deep,Adele,43,1,65,Adele-Rolling In The Deep,adele,,adele_rolling in the deep
4/21/2012,2,somebody that i used to know,Gotye Featuring Kimbra,3,2,14,Gotye Featuring Kimbra-Somebody That I Used To Know,gotye,Kimbra,gotye_somebody that i used to know
4/21/2012,37,party rock anthem,LMFAO Featuring Lauren Bennett & GoonRock,32,1,55,LMFAO Featuring Lauren Bennett & GoonRock-Party Rock Anthem,lmfao,Lauren Bennett & GoonRock,lmfao_party rock anthem
4/28/2012,1,somebody that i used to know,Gotye Featuring Kimbra,2,1,15,Gotye Featuring Kimbra-Somebody That I Used To Know,gotye,Kimbra,gotye_somebody that i used to know
4/28/2012,41,party rock anthem,LMFAO Featuring Lauren Bennett & GoonRock,37,1,56,LMFAO Featuring Lauren Bennett & GoonRock-Party Rock Anthem,lmfao,Lauren Bennett & GoonRock,lmfao_party rock anthem
5/5/2012,1,somebody that i used to know,Gotye Featuring Kimbra,1,1,16,Gotye Featuring Kimbra-Somebody That I Used To Know,gotye,Kimbra,gotye_somebody that i used to know
5/5/2012,43,party rock anthem,LMFAO Featuring Lauren Bennett & GoonRock,41,1,57,LMFAO Featuring Lauren Bennett & GoonRock-Party Rock Anthem,lmfao,Lauren Bennett & GoonRock,lmfao_party rock anthem
5/12/2012,1,somebody that i used to know,Gotye Featuring Kimbra,1,1,17,Gotye Featuring Kimbra-Somebody That I Used To Know,gotye,Kimbra,gotye_somebody that i used to know
5/12/2012,41,party rock anthem,LMFAO Featuring Lauren Bennett & GoonRock,43,1,58,LMFAO Featuring Lauren Bennett & GoonRock-Party Rock Anthem,lmfao,Lauren Bennett & GoonRock,lmfao_party rock anthem
5/19/2012,1,somebody that i used to know,Gotye Featuring Kimbra,1,1,18,Gotye Featuring Kimbra-Somebody That I Used To Know,gotye,Kimbra,gotye_somebody that i used to know
5/19/2012,44,party rock anthem,LMFAO Featuring Lauren Bennett & GoonRock,41,1,59,LMFAO Featuring Lauren Bennett & GoonRock-Party Rock Anthem,lmfao,Lauren Bennett & GoonRock,lmfao_party rock anthem
5/26/2012,1,somebody that i used to know,Gotye Featuring Kimbra,1,1,19,Gotye Featuring Kimbra-Somebody That I Used To Know,gotye,Kimbra,gotye_somebody that i used to know
5/26/2012,44,party rock anthem,LMFAO Featuring Lauren Bennett & GoonRock,44,1,60,LMFAO Featuring Lauren Bennett & GoonRock-Party Rock Anthem,lmfao,Lauren Bennett & GoonRock,lmfao_party rock anthem
6/2/2012,1,somebody that i used to know,Gotye Featuring Kimbra,1,1,20,Gotye Featuring Kimbra-Somebody That I Used To Know,gotye,Kimbra,gotye_somebody that i used to know
6/2/2012,38,party rock anthem,LMFAO Featuring Lauren Bennett & GoonRock,44,1,61,LMFAO Featuring Lauren Bennett & GoonRock-Party Rock Anthem,lmfao,Lauren Bennett & GoonRock,lmfao_party rock anthem
6/9/2012,1,somebody that i used to know,Gotye Featuring Kimbra,1,1,21,Gotye Featuring Kimbra-Somebody That I Used To Know,gotye,Kimbra,gotye_somebody that i used to know
6/9/2012,39,party rock anthem,LMFAO Featuring Lauren Bennett & GoonRock,38,1,62,LMFAO Featuring Lauren Bennett & GoonRock-Party Rock Anthem,lmfao,Lauren Bennett & GoonRock,lmfao_party rock anthem
6/16/2012,1,somebody that i used to know,Gotye Featuring Kimbra,1,1,22,Gotye Featuring Kimbra-Somebody That I Used To Know,gotye,Kimbra,gotye_somebody that i used to know
6/16/2012,42,party rock anthem,LMFAO Featuring Lauren Bennett & GoonRock,39,1,63,LMFAO Featuring Lauren Bennett & GoonRock-Party Rock Anthem,lmfao,Lauren Bennett & GoonRock,lmfao_party rock anthem
6/23/2012,2,somebody that i used to know,Gotye Featuring Kimbra,1,1,23,Gotye Featuring Kimbra-Somebody That I Used To Know,gotye,Kimbra,gotye_somebody that i used to know
6/23/2012,45,party rock anthem,LMFAO Featuring Lauren Bennett & GoonRock,42,1,64,LMFAO Featuring Lauren Bennett & GoonRock-Party Rock Anthem,lmfao,Lauren Bennett & GoonRock,lmfao_party rock anthem
6/30/2012,2,somebody that i used to know,Gotye Featuring Kimbra,2,1,24,Gotye Featuring Kimbra-Somebody That I Used To Know,gotye,Kimbra,gotye_somebody that i used to know
6/30/2012,45,party rock anthem,LMFAO Featuring Lauren Bennett & GoonRock,45,1,65,LMFAO Featuring Lauren Bennett & GoonRock-Party Rock Anthem,lmfao,Lauren Bennett & GoonRock,lmfao_party rock anthem
7/7/2012,3,somebody that i used to know,Gotye Featuring Kimbra,2,1,25,Gotye Featuring Kimbra-Somebody That I Used To Know,gotye,Kimbra,gotye_somebody that i used to know
7/7/2012,45,party rock anthem,LMFAO Featuring Lauren Bennett & GoonRock,45,1,66,LMFAO Featuring Lauren Bennett & GoonRock-Party Rock Anthem,lmfao,Lauren Bennett & GoonRock,lmfao_party rock anthem
7/14/2012,3,somebody that i used to know,Gotye Featuring Kimbra,3,1,26,Gotye Featuring Kimbra-Somebody That I Used To Know,gotye,Kimbra,gotye_somebody that i used to know
7/14/2012,50,party rock anthem,LMFAO Featuring Lauren Bennett & GoonRock,45,1,67,LMFAO Featuring Lauren Bennett & GoonRock-Party Rock Anthem,lmfao,Lauren Bennett & GoonRock,lmfao_party rock anthem
7/21/2012,3,somebody that i used to know,Gotye Featuring Kimbra,3,1,27,Gotye Featuring Kimbra-Somebody That I Used To Know,gotye,Kimbra,gotye_somebody that i used to know
7/21/2012,49,party rock anthem,LMFAO Featuring Lauren Bennett & GoonRock,50,1,68,LMFAO Featuring Lauren Bennett & GoonRock-Party Rock Anthem,lmfao,Lauren Bennett & GoonRock,lmfao_party rock anthem
7/28/2012,4,somebody that i used to know,Gotye Featuring Kimbra,3,1,28,Gotye Featuring Kimbra-Somebody That I Used To Know,gotye,Kimbra,gotye_somebody that i used to know
8/4/2012,5,somebody that i used to know,Gotye Featuring Kimbra,4,1,29,Gotye Featuring Kimbra-Somebody That I Used To Know,gotye,Kimbra,gotye_somebody that i used to know
8/11/2012,6,somebody that i used to know,Gotye Featuring Kimbra,5,1,30,Gotye Featuring Kimbra-Somebody That I Used To Know,gotye,Kimbra,gotye_somebody that i used to know
8/18/2012,6,somebody that i used to know,Gotye Featuring Kimbra,6,1,31,Gotye Featuring Kimbra-Somebody That I Used To Know,gotye,Kimbra,gotye_somebody that i used to know
8/25/2012,6,somebody that i used to know,Gotye Featuring Kimbra,6,1,32,Gotye Featuring Kimbra-Somebody That I Used To Know,gotye,Kimbra,gotye_somebody that i used to know
9/1/2012,11,somebody that i used to know,Gotye Featuring Kimbra,6,1,33,Gotye Featuring Kimbra-Somebody That I Used To Know,gotye,Kimbra,gotye_somebody that i used to know
9/8/2012,14,somebody that i used to know,Gotye Featuring Kimbra,11,1,34,Gotye Featuring Kimbra-Somebody That I Used To Know,gotye,Kimbra,gotye_somebody that i used to know
9/15/2012,14,somebody that i used to know,Gotye Featuring Kimbra,14,1,35,Gotye Featuring Kimbra-Somebody That I Used To Know,gotye,Kimbra,gotye_somebody that i used to know
9/22/2012,15,somebody that i used to know,Gotye Featuring Kimbra,14,1,36,Gotye Featuring Kimbra-Somebody That I Used To Know,gotye,Kimbra,gotye_somebody that i used to know
9/29/2012,16,somebody that i used to know,Gotye Featuring Kimbra,15,1,37,Gotye Featuring Kimbra-Somebody That I Used To Know,gotye,Kimbra,gotye_somebody that i used to know
10/6/2012,19,somebody that i used to know,Gotye Featuring Kimbra,16,1,38,Gotye Featuring Kimbra-Somebody That I Used To Know,gotye,Kimbra,gotye_somebody that i used to know
10/13/2012,19,somebody that i used to know,Gotye Featuring Kimbra,19,1,39,Gotye Featuring Kimbra-Somebody That I Used To Know,gotye,Kimbra,gotye_somebody that i used to know
10/20/2012,22,somebody that i used to know,Gotye Featuring Kimbra,19,1,40,Gotye Featuring Kimbra-Somebody That I Used To Know,gotye,Kimbra,gotye_somebody that i used to know
10/27/2012,22,somebody that i used to know,Gotye Featuring Kimbra,22,1,41,Gotye Featuring Kimbra-Somebody That I Used To Know,gotye,Kimbra,gotye_somebody that i used to know
11/3/2012,26,somebody that i used to know,Gotye Featuring Kimbra,22,1,42,Gotye Featuring Kimbra-Somebody That I Used To Know,gotye,Kimbra,gotye_somebody that i used to know
11/10/2012,26,somebody that i used to know,Gotye Featuring Kimbra,26,1,43,Gotye Featuring Kimbra-Somebody That I Used To Know,gotye,Kimbra,gotye_somebody that i used to know
11/17/2012,32,somebody that i used to know,Gotye Featuring Kimbra,26,1,44,Gotye Featuring Kimbra-Somebody That I Used To Know,gotye,Kimbra,gotye_somebody that i used to know
11/24/2012,29,somebody that i used to know,Gotye Featuring Kimbra,32,1,45,Gotye Featuring Kimbra-Somebody That I Used To Know,gotye,Kimbra,gotye_somebody that i used to know
12/1/2012,36,somebody that i used to know,Gotye Featuring Kimbra,29,1,46,Gotye Featuring Kimbra-Somebody That I Used To Know,gotye,Kimbra,gotye_somebody that i used to know
12/8/2012,43,somebody that i used to know,Gotye Featuring Kimbra,36,1,47,Gotye Featuring Kimbra-Somebody That I Used To Know,gotye,Kimbra,gotye_somebody that i used to know
12/15/2012,47,somebody that i used to know,Gotye Featuring Kimbra,43,1,48,Gotye Featuring Kimbra-Somebody That I Used To Know,gotye,Kimbra,gotye_somebody that i used to know
12/22/2012,46,somebody that i used to know,Gotye Featuring Kimbra,47,1,49,Gotye Featuring Kimbra-Somebody That I Used To Know,gotye,Kimbra,gotye_somebody that i used to know
12/29/2012,48,somebody that i used to know,Gotye Featuring Kimbra,46,1,50,Gotye Featuring Kimbra-Somebody That I Used To Know,gotye,Kimbra,gotye_somebody that i used to know
1/5/2013,49,somebody that i used to know,Gotye Featuring Kimbra,48,1,51,Gotye Featuring Kimbra-Somebody That I Used To Know,gotye,Kimbra,gotye_somebody that i used to know
1/12/2013,48,somebody that i used to know,Gotye Featuring Kimbra,49,1,52,Gotye Featuring Kimbra-Somebody That I Used To Know,gotye,Kimbra,gotye_somebody that i used to know
1/19/2013,43,somebody that i used to know,Gotye Featuring Kimbra,48,1,53,Gotye Featuring Kimbra-Somebody That I Used To Know,gotye,Kimbra,gotye_somebody that i used to know
1/26/2013,42,somebody that i used to know,Gotye Featuring Kimbra,43,1,54,Gotye Featuring Kimbra-Somebody That I Used To Know,gotye,Kimbra,gotye_somebody that i used to know
2/2/2013,45,somebody that i used to know,Gotye Featuring Kimbra,42,1,55,Gotye Featuring Kimbra-Somebody That I Used To Know,gotye,Kimbra,gotye_somebody that i used to know
2/9/2013,44,somebody that i used to know,Gotye Featuring Kimbra,45,1,56,Gotye Featuring Kimbra-Somebody That I Used To Know,gotye,Kimbra,gotye_somebody that i used to know
2/16/2013,47,somebody that i used to know,Gotye Featuring Kimbra,44,1,57,Gotye Featuring Kimbra-Somebody That I Used To Know,gotye,Kimbra,gotye_somebody that i used to know
2/23/2013,42,somebody that i used to know,Gotye Featuring Kimbra,47,1,58,Gotye Featuring Kimbra-Somebody That I Used To Know,gotye,Kimbra,gotye_somebody that i used to know
3/2/2013,36,somebody that i used to know,Gotye Featuring Kimbra,42,1,59,Gotye Featuring Kimbra-Somebody That I Used To Know,gotye,Kimbra,gotye_somebody that i used to know
9/21/2013,97,all of me,John Legend,-,97,1,John Legend-All Of Me,john legend,,john legend_all of me
10/5/2013,17,dark horse,Katy Perry Featuring Juicy J,-,17,1,Katy Perry Featuring Juicy J-Dark Horse,katy perry,Juicy J,katy perry_dark horse
10/12/2013,39,dark horse,Katy Perry Featuring Juicy J,17,17,2,Katy Perry Featuring Juicy J-Dark Horse,katy perry,Juicy J,katy perry_dark horse
10/19/2013,38,dark horse,Katy Perry Featuring Juicy J,39,17,3,Katy Perry Featuring Juicy J-Dark Horse,katy perry,Juicy J,katy perry_dark horse
10/26/2013,60,dark horse,Katy Perry Featuring Juicy J,38,17,4,Katy Perry Featuring Juicy J-Dark Horse,katy perry,Juicy J,katy perry_dark horse
10/26/2013,89,all of me,John Legend,-,89,2,John Legend-All Of Me,john legend,,john legend_all of me
11/2/2013,57,dark horse,Katy Perry Featuring Juicy J,60,17,5,Katy Perry Featuring Juicy J-Dark Horse,katy perry,Juicy J,katy perry_dark horse
11/2/2013,100,all of me,John Legend,89,89,3,John Legend-All Of Me,john legend,,john legend_all of me
11/9/2013,28,dark horse,Katy Perry Featuring Juicy J,57,17,6,Katy Perry Featuring Juicy J-Dark Horse,katy perry,Juicy J,katy perry_dark horse
11/16/2013,43,dark horse,Katy Perry Featuring Juicy J,28,17,7,Katy Perry Featuring Juicy J-Dark Horse,katy perry,Juicy J,katy perry_dark horse
11/16/2013,97,all of me,John Legend,-,89,4,John Legend-All Of Me,john legend,,john legend_all of me
11/23/2013,50,dark horse,Katy Perry Featuring Juicy J,43,17,8,Katy Perry Featuring Juicy J-Dark Horse,katy perry,Juicy J,katy perry_dark horse
11/23/2013,97,all of me,John Legend,97,89,5,John Legend-All Of Me,john legend,,john legend_all of me
11/30/2013,47,dark horse,Katy Perry Featuring Juicy J,50,17,9,Katy Perry Featuring Juicy J-Dark Horse,katy perry,Juicy J,katy perry_dark horse
11/30/2013,66,all of me,John Legend,97,66,6,John Legend-All Of Me,john legend,,john legend_all of me
12/7/2013,42,dark horse,Katy Perry Featuring Juicy J,47,17,10,Katy Perry Featuring Juicy J-Dark Horse,katy perry,Juicy J,katy perry_dark horse
12/7/2013,68,all of me,John Legend,66,66,7,John Legend-All Of Me,john legend,,john legend_all of me
12/14/2013,37,dark horse,Katy Perry Featuring Juicy J,42,17,11,Katy Perry Featuring Juicy J-Dark Horse,katy perry,Juicy J,katy perry_dark horse
12/14/2013,72,all of me,John Legend,68,66,8,John Legend-All Of Me,john legend,,john legend_all of me
12/21/2013,36,dark horse,Katy Perry Featuring Juicy J,37,17,12,Katy Perry Featuring Juicy J-Dark Horse,katy perry,Juicy J,katy perry_dark horse
12/21/2013,56,all of me,John Legend,72,56,9,John Legend-All Of Me,john legend,,john legend_all of me
12/28/2013,22,dark horse,Katy Perry Featuring Juicy J,36,17,13,Katy Perry Featuring Juicy J-Dark Horse,katy perry,Juicy J,katy perry_dark horse
12/28/2013,52,all of me,John Legend,56,52,10,John Legend-All Of Me,john legend,,john legend_all of me
1/4/2014,14,dark horse,Katy Perry Featuring Juicy J,22,14,14,Katy Perry Featuring Juicy J-Dark Horse,katy perry,Juicy J,katy perry_dark horse
1/4/2014,55,all of me,John Legend,52,52,11,John Legend-All Of Me,john legend,,john legend_all of me
1/11/2014,11,dark horse,Katy Perry Featuring Juicy J,14,11,15,Katy Perry Featuring Juicy J-Dark Horse,katy perry,Juicy J,katy perry_dark horse
1/11/2014,68,all of me,John Legend,55,52,12,John Legend-All Of Me,john legend,,john legend_all of me
1/18/2014,6,dark horse,Katy Perry Featuring Juicy J,11,6,16,Katy Perry Featuring Juicy J-Dark Horse,katy perry,Juicy J,katy perry_dark horse
1/18/2014,60,all of me,John Legend,68,52,13,John Legend-All Of Me,john legend,,john legend_all of me
1/25/2014,4,dark horse,Katy Perry Featuring Juicy J,6,4,17,Katy Perry Featuring Juicy J-Dark Horse,katy perry,Juicy J,katy perry_dark horse
1/25/2014,54,all of me,John Legend,60,52,14,John Legend-All Of Me,john legend,,john legend_all of me
2/1/2014,2,dark horse,Katy Perry Featuring Juicy J,4,2,18,Katy Perry Featuring Juicy J-Dark Horse,katy perry,Juicy J,katy perry_dark horse
2/1/2014,49,all of me,John Legend,54,49,15,John Legend-All Of Me,john legend,,john legend_all of me
2/8/2014,1,dark horse,Katy Perry Featuring Juicy J,2,1,19,Katy Perry Featuring Juicy J-Dark Horse,katy perry,Juicy J,katy perry_dark horse
2/8/2014,27,all of me,John Legend,49,27,16,John Legend-All Of Me,john legend,,john legend_all of me
2/15/2014,1,dark horse,Katy Perry Featuring Juicy J,1,1,20,Katy Perry Featuring Juicy J-Dark Horse,katy perry,Juicy J,katy perry_dark horse
2/15/2014,17,all of me,John Legend,27,17,17,John Legend-All Of Me,john legend,,john legend_all of me
2/22/2014,1,dark horse,Katy Perry Featuring Juicy J,1,1,21,Katy Perry Featuring Juicy J-Dark Horse,katy perry,Juicy J,katy perry_dark horse
2/22/2014,15,all of me,John Legend,17,15,18,John Legend-All Of Me,john legend,,john legend_all of me
3/1/2014,1,dark horse,Katy Perry Featuring Juicy J,1,1,22,Katy Perry Featuring Juicy J-Dark Horse,katy perry,Juicy J,katy perry_dark horse
3/1/2014,11,all of me,John Legend,15,11,19,John Legend-All Of Me,john legend,,john legend_all of me
3/8/2014,2,dark horse,Katy Perry Featuring Juicy J,1,1,23,Katy Perry Featuring Juicy J-Dark Horse,katy perry,Juicy J,katy perry_dark horse
3/8/2014,4,all of me,John Legend,11,4,20,John Legend-All Of Me,john legend,,john legend_all of me
3/15/2014,2,dark horse,Katy Perry Featuring Juicy J,2,1,24,Katy Perry Featuring Juicy J-Dark Horse,katy perry,Juicy J,katy perry_dark horse
3/15/2014,4,all of me,John Legend,4,4,21,John Legend-All Of Me,john legend,,john legend_all of me
3/22/2014,2,dark horse,Katy Perry Featuring Juicy J,2,1,25,Katy Perry Featuring Juicy J-Dark Horse,katy perry,Juicy J,katy perry_dark horse
3/22/2014,3,all of me,John Legend,4,3,22,John Legend-All Of Me,john legend,,john legend_all of me
3/29/2014,2,dark horse,Katy Perry Featuring Juicy J,2,1,26,Katy Perry Featuring Juicy J-Dark Horse,katy perry,Juicy J,katy perry_dark horse
3/29/2014,3,all of me,John Legend,3,3,23,John Legend-All Of Me,john legend,,john legend_all of me
4/5/2014,2,all of me,John Legend,3,2,24,John Legend-All Of Me,john legend,,john legend_all of me
4/5/2014,3,dark horse,Katy Perry Featuring Juicy J,2,1,27,Katy Perry Featuring Juicy J-Dark Horse,katy perry,Juicy J,katy perry_dark horse
4/12/2014,2,all of me,John Legend,2,2,25,John Legend-All Of Me,john legend,,john legend_all of me
4/12/2014,3,dark horse,Katy Perry Featuring Juicy J,3,1,28,Katy Perry Featuring Juicy J-Dark Horse,katy perry,Juicy J,katy perry_dark horse
4/19/2014,2,all of me,John Legend,2,2,26,John Legend-All Of Me,john legend,,john legend_all of me
4/19/2014,3,dark horse,Katy Perry Featuring Juicy J,3,1,29,Katy Perry Featuring Juicy J-Dark Horse,katy perry,Juicy J,katy perry_dark horse
4/26/2014,2,all of me,John Legend,2,2,27,John Legend-All Of Me,john legend,,john legend_all of me
4/26/2014,3,dark horse,Katy Perry Featuring Juicy J,3,1,30,Katy Perry Featuring Juicy J-Dark Horse,katy perry,Juicy J,katy perry_dark horse
5/3/2014,2,all of me,John Legend,2,2,28,John Legend-All Of Me,john legend,,john legend_all of me
5/3/2014,4,dark horse,Katy Perry Featuring Juicy J,3,1,31,Katy Perry Featuring Juicy J-Dark Horse,katy perry,Juicy J,katy perry_dark horse
5/10/2014,2,all of me,John Legend,2,2,29,John Legend-All Of Me,john legend,,john legend_all of me
5/10/2014,3,dark horse,Katy Perry Featuring Juicy J,4,1,32,Katy Perry Featuring Juicy J-Dark Horse,katy perry,Juicy J,katy perry_dark horse
5/17/2014,1,all of me,John Legend,2,1,30,John Legend-All Of Me,john legend,,john legend_all of me
5/17/2014,5,dark horse,Katy Perry Featuring Juicy J,3,1,33,Katy Perry Featuring Juicy J-Dark Horse,katy perry,Juicy J,katy perry_dark horse
5/24/2014,1,all of me,John Legend,1,1,31,John Legend-All Of Me,john legend,,john legend_all of me
5/24/2014,5,dark horse,Katy Perry Featuring Juicy J,5,1,34,Katy Perry Featuring Juicy J-Dark Horse,katy perry,Juicy J,katy perry_dark horse
5/31/2014,1,all of me,John Legend,1,1,32,John Legend-All Of Me,john legend,,john legend_all of me
5/31/2014,6,dark horse,Katy Perry Featuring Juicy J,5,1,35,Katy Perry Featuring Juicy J-Dark Horse,katy perry,Juicy J,katy perry_dark horse
6/7/2014,3,all of me,John Legend,1,1,33,John Legend-All Of Me,john legend,,john legend_all of me
6/7/2014,6,dark horse,Katy Perry Featuring Juicy J,6,1,36,Katy Perry Featuring Juicy J-Dark Horse,katy perry,Juicy J,katy perry_dark horse
6/14/2014,3,all of me,John Legend,3,1,34,John Legend-All Of Me,john legend,,john legend_all of me
6/14/2014,7,dark horse,Katy Perry Featuring Juicy J,6,1,37,Katy Perry Featuring Juicy J-Dark Horse,katy perry,Juicy J,katy perry_dark horse
6/21/2014,3,all of me,John Legend,3,1,35,John Legend-All Of Me,john legend,,john legend_all of me
6/21/2014,11,dark horse,Katy Perry Featuring Juicy J,7,1,38,Katy Perry Featuring Juicy J-Dark Horse,katy perry,Juicy J,katy perry_dark horse
6/28/2014,4,all of me,John Legend,3,1,36,John Legend-All Of Me,john legend,,john legend_all of me
6/28/2014,11,dark horse,Katy Perry Featuring Juicy J,11,1,39,Katy Perry Featuring Juicy J-Dark Horse,katy perry,Juicy J,katy perry_dark horse
7/5/2014,7,all of me,John Legend,4,1,37,John Legend-All Of Me,john legend,,john legend_all of me
7/5/2014,11,dark horse,Katy Perry Featuring Juicy J,11,1,40,Katy Perry Featuring Juicy J-Dark Horse,katy perry,Juicy J,katy perry_dark horse
7/12/2014,7,all of me,John Legend,7,1,38,John Legend-All Of Me,john legend,,john legend_all of me
7/12/2014,12,dark horse,Katy Perry Featuring Juicy J,11,1,41,Katy Perry Featuring Juicy J-Dark Horse,katy perry,Juicy J,katy perry_dark horse
7/19/2014,8,all of me,John Legend,7,1,39,John Legend-All Of Me,john legend,,john legend_all of me
7/19/2014,13,dark horse,Katy Perry Featuring Juicy J,12,1,42,Katy Perry Featuring Juicy J-Dark Horse,katy perry,Juicy J,katy perry_dark horse
7/26/2014,7,all of me,John Legend,8,1,40,John Legend-All Of Me,john legend,,john legend_all of me
7/26/2014,15,dark horse,Katy Perry Featuring Juicy J,13,1,43,Katy Perry Featuring Juicy J-Dark Horse,katy perry,Juicy J,katy perry_dark horse
8/2/2014,6,all of me,John Legend,7,1,41,John Legend-All Of Me,john legend,,john legend_all of me
8/2/2014,16,dark horse,Katy Perry Featuring Juicy J,15,1,44,Katy Perry Featuring Juicy J-Dark Horse,katy perry,Juicy J,katy perry_dark horse
8/9/2014,8,all of me,John Legend,6,1,42,John Legend-All Of Me,john legend,,john legend_all of me
8/9/2014,20,dark horse,Katy Perry Featuring Juicy J,16,1,45,Katy Perry Featuring Juicy J-Dark Horse,katy perry,Juicy J,katy perry_dark horse
8/16/2014,12,all of me,John Legend,8,1,43,John Legend-All Of Me,john legend,,john legend_all of me
8/16/2014,23,dark horse,Katy Perry Featuring Juicy J,20,1,46,Katy Perry Featuring Juicy J-Dark Horse,katy perry,Juicy J,katy perry_dark horse
8/23/2014,14,all of me,John Legend,12,1,44,John Legend-All Of Me,john legend,,john legend_all of me
8/23/2014,16,dark horse,Katy Perry Featuring Juicy J,23,1,47,Katy Perry Featuring Juicy J-Dark Horse,katy perry,Juicy J,katy perry_dark horse
8/30/2014,16,all of me,John Legend,14,1,45,John Legend-All Of Me,john legend,,john legend_all of me
8/30/2014,23,dark horse,Katy Perry Featuring Juicy J,16,1,48,Katy Perry Featuring Juicy J-Dark Horse,katy perry,Juicy J,katy perry_dark horse
9/6/2014,20,all of me,John Legend,16,1,46,John Legend-All Of Me,john legend,,john legend_all of me
9/6/2014,30,dark horse,Katy Perry Featuring Juicy J,23,1,49,Katy Perry Featuring Juicy J-Dark Horse,katy perry,Juicy J,katy perry_dark horse
9/13/2014,19,all of me,John Legend,20,1,47,John Legend-All Of Me,john legend,,john legend_all of me
9/13/2014,32,dark horse,Katy Perry Featuring Juicy J,30,1,50,Katy Perry Featuring Juicy J-Dark Horse,katy perry,Juicy J,katy perry_dark horse
9/20/2014,22,all of me,John Legend,19,1,48,John Legend-All Of Me,john legend,,john legend_all of me
9/20/2014,32,dark horse,Katy Perry Featuring Juicy J,32,1,51,Katy Perry Featuring Juicy J-Dark Horse,katy perry,Juicy J,katy perry_dark horse
9/27/2014,23,all of me,John Legend,22,1,49,John Legend-All Of Me,john legend,,john legend_all of me
9/27/2014,38,dark horse,Katy Perry Featuring Juicy J,32,1,52,Katy Perry Featuring Juicy J-Dark Horse,katy perry,Juicy J,katy perry_dark horse
10/4/2014,24,all of me,John Legend,23,1,50,John Legend-All Of Me,john legend,,john legend_all of me
10/4/2014,43,dark horse,Katy Perry Featuring Juicy J,38,1,53,Katy Perry Featuring Juicy J-Dark Horse,katy perry,Juicy J,katy perry_dark horse
10/11/2014,26,all of me,John Legend,24,1,51,John Legend-All Of Me,john legend,,john legend_all of me
10/11/2014,46,dark horse,Katy Perry Featuring Juicy J,43,1,54,Katy Perry Featuring Juicy J-Dark Horse,katy perry,Juicy J,katy perry_dark horse
10/18/2014,27,all of me,John Legend,26,1,52,John Legend-All Of Me,john legend,,john legend_all of me
10/18/2014,47,dark horse,Katy Perry Featuring Juicy J,46,1,55,Katy Perry Featuring Juicy J-Dark Horse,katy perry,Juicy J,katy perry_dark horse
10/25/2014,24,all of me,John Legend,27,1,53,John Legend-All Of Me,john legend,,john legend_all of me
10/25/2014,43,dark horse,Katy Perry Featuring Juicy J,47,1,56,Katy Perry Featuring Juicy J-Dark Horse,katy perry,Juicy J,katy perry_dark horse
11/1/2014,28,all of me,John Legend,24,1,54,John Legend-All Of Me,john legend,,john legend_all of me
11/1/2014,49,dark horse,Katy Perry Featuring Juicy J,43,1,57,Katy Perry Featuring Juicy J-Dark Horse,katy perry,Juicy J,katy perry_dark horse
11/8/2014,32,all of me,John Legend,28,1,55,John Legend-All Of Me,john legend,,john legend_all of me
11/15/2014,39,all of me,John Legend,32,1,56,John Legend-All Of Me,john legend,,john legend_all of me
11/22/2014,34,all of me,John Legend,39,1,57,John Legend-All Of Me,john legend,,john legend_all of me
11/29/2014,36,all of me,John Legend,34,1,58,John Legend-All Of Me,john legend,,john legend_all of me
11/29/2014,65,uptown funk,Mark Ronson Featuring Bruno Mars,-,65,1,Mark Ronson Featuring Bruno Mars-Uptown Funk!,mark ronson,Bruno Mars,mark ronson_uptown funk
12/6/2014,18,uptown funk,Mark Ronson Featuring Bruno Mars,65,18,2,Mark Ronson Featuring Bruno Mars-Uptown Funk!,mark ronson,Bruno Mars,mark ronson_uptown funk
12/6/2014,43,all of me,John Legend,36,1,59,John Legend-All Of Me,john legend,,john legend_all of me
12/13/2014,8,uptown funk,Mark Ronson Featuring Bruno Mars,18,8,3,Mark Ronson Featuring Bruno Mars-Uptown Funk!,mark ronson,Bruno Mars,mark ronson_uptown funk
12/20/2014,5,uptown funk,Mark Ronson Featuring Bruno Mars,8,5,4,Mark Ronson Featuring Bruno Mars-Uptown Funk!,mark ronson,Bruno Mars,mark ronson_uptown funk
12/27/2014,3,uptown funk,Mark Ronson Featuring Bruno Mars,5,3,5,Mark Ronson Featuring Bruno Mars-Uptown Funk!,mark ronson,Bruno Mars,mark ronson_uptown funk
1/3/2015,3,uptown funk,Mark Ronson Featuring Bruno Mars,3,3,6,Mark Ronson Featuring Bruno Mars-Uptown Funk!,mark ronson,Bruno Mars,mark ronson_uptown funk
1/10/2015,2,uptown funk,Mark Ronson Featuring Bruno Mars,3,2,7,Mark Ronson Featuring Bruno Mars-Uptown Funk!,mark ronson,Bruno Mars,mark ronson_uptown funk
1/17/2015,1,uptown funk,Mark Ronson Featuring Bruno Mars,2,1,8,Mark Ronson Featuring Bruno Mars-Uptown Funk!,mark ronson,Bruno Mars,mark ronson_uptown funk
1/24/2015,1,uptown funk,Mark Ronson Featuring Bruno Mars,1,1,9,Mark Ronson Featuring Bruno Mars-Uptown Funk!,mark ronson,Bruno Mars,mark ronson_uptown funk
1/31/2015,1,uptown funk,Mark Ronson Featuring Bruno Mars,1,1,10,Mark Ronson Featuring Bruno Mars-Uptown Funk!,mark ronson,Bruno Mars,mark ronson_uptown funk
2/7/2015,1,uptown funk,Mark Ronson Featuring Bruno Mars,1,1,11,Mark Ronson Featuring Bruno Mars-Uptown Funk!,mark ronson,Bruno Mars,mark ronson_uptown funk
2/14/2015,1,uptown funk,Mark Ronson Featuring Bruno Mars,1,1,12,Mark Ronson Featuring Bruno Mars-Uptown Funk!,mark ronson,Bruno Mars,mark ronson_uptown funk
2/21/2015,1,uptown funk,Mark Ronson Featuring Bruno Mars,1,1,13,Mark Ronson Featuring Bruno Mars-Uptown Funk!,mark ronson,Bruno Mars,mark ronson_uptown funk
2/28/2015,1,uptown funk,Mark Ronson Featuring Bruno Mars,1,1,14,Mark Ronson Featuring Bruno Mars-Uptown Funk!,mark ronson,Bruno Mars,mark ronson_uptown funk
3/7/2015,1,uptown funk,Mark Ronson Featuring Bruno Mars,1,1,15,Mark Ronson Featuring Bruno Mars-Uptown Funk!,mark ronson,Bruno Mars,mark ronson_uptown funk
3/14/2015,1,uptown funk,Mark Ronson Featuring Bruno Mars,1,1,16,Mark Ronson Featuring Bruno Mars-Uptown Funk!,mark ronson,Bruno Mars,mark ronson_uptown funk
3/21/2015,1,uptown funk,Mark Ronson Featuring Bruno Mars,1,1,17,Mark Ronson Featuring Bruno Mars-Uptown Funk!,mark ronson,Bruno Mars,mark ronson_uptown funk
3/28/2015,1,uptown funk,Mark Ronson Featuring Bruno Mars,1,1,18,Mark Ronson Featuring Bruno Mars-Uptown Funk!,mark ronson,Bruno Mars,mark ronson_uptown funk
3/28/2015,100,see you again,Wiz Khalifa Featuring Charlie Puth,-,100,1,Wiz Khalifa Featuring Charlie Puth-See You Again,wiz khalifa,Charlie Puth,wiz khalifa_see you again
4/4/2015,1,uptown funk,Mark Ronson Featuring Bruno Mars,1,1,19,Mark Ronson Featuring Bruno Mars-Uptown Funk!,mark ronson,Bruno Mars,mark ronson_uptown funk
4/4/2015,82,see you again,Wiz Khalifa Featuring Charlie Puth,100,82,2,Wiz Khalifa Featuring Charlie Puth-See You Again,wiz khalifa,Charlie Puth,wiz khalifa_see you again
4/11/2015,1,uptown funk,Mark Ronson Featuring Bruno Mars,1,1,20,Mark Ronson Featuring Bruno Mars-Uptown Funk!,mark ronson,Bruno Mars,mark ronson_uptown funk
4/11/2015,84,see you again,Wiz Khalifa Featuring Charlie Puth,82,82,3,Wiz Khalifa Featuring Charlie Puth-See You Again,wiz khalifa,Charlie Puth,wiz khalifa_see you again
4/18/2015,1,uptown funk,Mark Ronson Featuring Bruno Mars,1,1,21,Mark Ronson Featuring Bruno Mars-Uptown Funk!,mark ronson,Bruno Mars,mark ronson_uptown funk
4/18/2015,10,see you again,Wiz Khalifa Featuring Charlie Puth,84,10,4,Wiz Khalifa Featuring Charlie Puth-See You Again,wiz khalifa,Charlie Puth,wiz khalifa_see you again
4/25/2015,1,see you again,Wiz Khalifa Featuring Charlie Puth,10,1,5,Wiz Khalifa Featuring Charlie Puth-See You Again,wiz khalifa,Charlie Puth,wiz khalifa_see you again
4/25/2015,2,uptown funk,Mark Ronson Featuring Bruno Mars,1,1,22,Mark Ronson Featuring Bruno Mars-Uptown Funk!,mark ronson,Bruno Mars,mark ronson_uptown funk
5/2/2015,1,see you again,Wiz Khalifa Featuring Charlie Puth,1,1,6,Wiz Khalifa Featuring Charlie Puth-See You Again,wiz khalifa,Charlie Puth,wiz khalifa_see you again
5/2/2015,2,uptown funk,Mark Ronson Featuring Bruno Mars,2,1,23,Mark Ronson Featuring Bruno Mars-Uptown Funk!,mark ronson,Bruno Mars,mark ronson_uptown funk
5/9/2015,1,see you again,Wiz Khalifa Featuring Charlie Puth,1,1,7,Wiz Khalifa Featuring Charlie Puth-See You Again,wiz khalifa,Charlie Puth,wiz khalifa_see you again
5/9/2015,2,uptown funk,Mark Ronson Featuring Bruno Mars,2,1,24,Mark Ronson Featuring Bruno Mars-Uptown Funk!,mark ronson,Bruno Mars,mark ronson_uptown funk
5/16/2015,1,see you again,Wiz Khalifa Featuring Charlie Puth,1,1,8,Wiz Khalifa Featuring Charlie Puth-See You Again,wiz khalifa,Charlie Puth,wiz khalifa_see you again
5/16/2015,3,uptown funk,Mark Ronson Featuring Bruno Mars,2,1,25,Mark Ronson Featuring Bruno Mars-Uptown Funk!,mark ronson,Bruno Mars,mark ronson_uptown funk
5/23/2015,1,see you again,Wiz Khalifa Featuring Charlie Puth,1,1,9,Wiz Khalifa Featuring Charlie Puth-See You Again,wiz khalifa,Charlie Puth,wiz khalifa_see you again
5/23/2015,4,uptown funk,Mark Ronson Featuring Bruno Mars,3,1,26,Mark Ronson Featuring Bruno Mars-Uptown Funk!,mark ronson,Bruno Mars,mark ronson_uptown funk
5/30/2015,1,see you again,Wiz Khalifa Featuring Charlie Puth,1,1,10,Wiz Khalifa Featuring Charlie Puth-See You Again,wiz khalifa,Charlie Puth,wiz khalifa_see you again
5/30/2015,5,uptown funk,Mark Ronson Featuring Bruno Mars,4,1,27,Mark Ronson Featuring Bruno Mars-Uptown Funk!,mark ronson,Bruno Mars,mark ronson_uptown funk
6/6/2015,2,see you again,Wiz Khalifa Featuring Charlie Puth,1,1,11,Wiz Khalifa Featuring Charlie Puth-See You Again,wiz khalifa,Charlie Puth,wiz khalifa_see you again
6/6/2015,6,uptown funk,Mark Ronson Featuring Bruno Mars,5,1,28,Mark Ronson Featuring Bruno Mars-Uptown Funk!,mark ronson,Bruno Mars,mark ronson_uptown funk
6/13/2015,1,see you again,Wiz Khalifa Featuring Charlie Puth,2,1,12,Wiz Khalifa Featuring Charlie Puth-See You Again,wiz khalifa,Charlie Puth,wiz khalifa_see you again
6/13/2015,5,uptown funk,Mark Ronson Featuring Bruno Mars,6,1,29,Mark Ronson Featuring Bruno Mars-Uptown Funk!,mark ronson,Bruno Mars,mark ronson_uptown funk
6/20/2015,1,see you again,Wiz Khalifa Featuring Charlie Puth,1,1,13,Wiz Khalifa Featuring Charlie Puth-See You Again,wiz khalifa,Charlie Puth,wiz khalifa_see you again
6/20/2015,6,uptown funk,Mark Ronson Featuring Bruno Mars,5,1,30,Mark Ronson Featuring Bruno Mars-Uptown Funk!,mark ronson,Bruno Mars,mark ronson_uptown funk
6/27/2015,1,see you again,Wiz Khalifa Featuring Charlie Puth,1,1,14,Wiz Khalifa Featuring Charlie Puth-See You Again,wiz khalifa,Charlie Puth,wiz khalifa_see you again
6/27/2015,6,uptown funk,Mark Ronson Featuring Bruno Mars,6,1,31,Mark Ronson Featuring Bruno Mars-Uptown Funk!,mark ronson,Bruno Mars,mark ronson_uptown funk
7/4/2015,1,see you again,Wiz Khalifa Featuring Charlie Puth,1,1,15,Wiz Khalifa Featuring Charlie Puth-See You Again,wiz khalifa,Charlie Puth,wiz khalifa_see you again
7/4/2015,6,uptown funk,Mark Ronson Featuring Bruno Mars,6,1,32,Mark Ronson Featuring Bruno Mars-Uptown Funk!,mark ronson,Bruno Mars,mark ronson_uptown funk
7/11/2015,1,see you again,Wiz Khalifa Featuring Charlie Puth,1,1,16,Wiz Khalifa Featuring Charlie Puth-See You Again,wiz khalifa,Charlie Puth,wiz khalifa_see you again
7/11/2015,8,uptown funk,Mark Ronson Featuring Bruno Mars,6,1,33,Mark Ronson Featuring Bruno Mars-Uptown Funk!,mark ronson,Bruno Mars,mark ronson_uptown funk
7/18/2015,1,see you again,Wiz Khalifa Featuring Charlie Puth,1,1,17,Wiz Khalifa Featuring Charlie Puth-See You Again,wiz khalifa,Charlie Puth,wiz khalifa_see you again
7/18/2015,12,uptown funk,Mark Ronson Featuring Bruno Mars,8,1,34,Mark Ronson Featuring Bruno Mars-Uptown Funk!,mark ronson,Bruno Mars,mark ronson_uptown funk
7/25/2015,2,see you again,Wiz Khalifa Featuring Charlie Puth,1,1,18,Wiz Khalifa Featuring Charlie Puth-See You Again,wiz khalifa,Charlie Puth,wiz khalifa_see you again
7/25/2015,13,uptown funk,Mark Ronson Featuring Bruno Mars,12,1,35,Mark Ronson Featuring Bruno Mars-Uptown Funk!,mark ronson,Bruno Mars,mark ronson_uptown funk
8/1/2015,3,see you again,Wiz Khalifa Featuring Charlie Puth,2,1,19,Wiz Khalifa Featuring Charlie Puth-See You Again,wiz khalifa,Charlie Puth,wiz khalifa_see you again
8/1/2015,15,uptown funk,Mark Ronson Featuring Bruno Mars,13,1,36,Mark Ronson Featuring Bruno Mars-Uptown Funk!,mark ronson,Bruno Mars,mark ronson_uptown funk
8/8/2015,5,see you again,Wiz Khalifa Featuring Charlie Puth,3,1,20,Wiz Khalifa Featuring Charlie Puth-See You Again,wiz khalifa,Charlie Puth,wiz khalifa_see you again
8/8/2015,17,uptown funk,Mark Ronson Featuring Bruno Mars,15,1,37,Mark Ronson Featuring Bruno Mars-Uptown Funk!,mark ronson,Bruno Mars,mark ronson_uptown funk
8/15/2015,5,see you again,Wiz Khalifa Featuring Charlie Puth,5,1,21,Wiz Khalifa Featuring Charlie Puth-See You Again,wiz khalifa,Charlie Puth,wiz khalifa_see you again
8/15/2015,17,uptown funk,Mark Ronson Featuring Bruno Mars,17,1,38,Mark Ronson Featuring Bruno Mars-Uptown Funk!,mark ronson,Bruno Mars,mark ronson_uptown funk
8/22/2015,8,see you again,Wiz Khalifa Featuring Charlie Puth,5,1,22,Wiz Khalifa Featuring Charlie Puth-See You Again,wiz khalifa,Charlie Puth,wiz khalifa_see you again
8/22/2015,16,uptown funk,Mark Ronson Featuring Bruno Mars,17,1,39,Mark Ronson Featuring Bruno Mars-Uptown Funk!,mark ronson,Bruno Mars,mark ronson_uptown funk
8/29/2015,11,see you again,Wiz Khalifa Featuring Charlie Puth,8,1,23,Wiz Khalifa Featuring Charlie Puth-See You Again,wiz khalifa,Charlie Puth,wiz khalifa_see you again
8/29/2015,17,uptown funk,Mark Ronson Featuring Bruno Mars,16,1,40,Mark Ronson Featuring Bruno Mars-Uptown Funk!,mark ronson,Bruno Mars,mark ronson_uptown funk
9/5/2015,13,see you again,Wiz Khalifa Featuring Charlie Puth,11,1,24,Wiz Khalifa Featuring Charlie Puth-See You Again,wiz khalifa,Charlie Puth,wiz khalifa_see you again
9/5/2015,18,uptown funk,Mark Ronson Featuring Bruno Mars,17,1,41,Mark Ronson Featuring Bruno Mars-Uptown Funk!,mark ronson,Bruno Mars,mark ronson_uptown funk
9/12/2015,15,see you again,Wiz Khalifa Featuring Charlie Puth,13,1,25,Wiz Khalifa Featuring Charlie Puth-See You Again,wiz khalifa,Charlie Puth,wiz khalifa_see you again
9/12/2015,19,uptown funk,Mark Ronson Featuring Bruno Mars,18,1,42,Mark Ronson Featuring Bruno Mars-Uptown Funk!,mark ronson,Bruno Mars,mark ronson_uptown funk
9/19/2015,20,see you again,Wiz Khalifa Featuring Charlie Puth,15,1,26,Wiz Khalifa Featuring Charlie Puth-See You Again,wiz khalifa,Charlie Puth,wiz khalifa_see you again
9/19/2015,25,uptown funk,Mark Ronson Featuring Bruno Mars,19,1,43,Mark Ronson Featuring Bruno Mars-Uptown Funk!,mark ronson,Bruno Mars,mark ronson_uptown funk
9/26/2015,21,see you again,Wiz Khalifa Featuring Charlie Puth,20,1,27,Wiz Khalifa Featuring Charlie Puth-See You Again,wiz khalifa,Charlie Puth,wiz khalifa_see you again
9/26/2015,27,uptown funk,Mark Ronson Featuring Bruno Mars,25,1,44,Mark Ronson Featuring Bruno Mars-Uptown Funk!,mark ronson,Bruno Mars,mark ronson_uptown funk
10/3/2015,23,see you again,Wiz Khalifa Featuring Charlie Puth,21,1,28,Wiz Khalifa Featuring Charlie Puth-See You Again,wiz khalifa,Charlie Puth,wiz khalifa_see you again
10/3/2015,27,uptown funk,Mark Ronson Featuring Bruno Mars,27,1,45,Mark Ronson Featuring Bruno Mars-Uptown Funk!,mark ronson,Bruno Mars,mark ronson_uptown funk
10/10/2015,14,uptown funk,Mark Ronson Featuring Bruno Mars,27,1,46,Mark Ronson Featuring Bruno Mars-Uptown Funk!,mark ronson,Bruno Mars,mark ronson_uptown funk
10/10/2015,23,see you again,Wiz Khalifa Featuring Charlie Puth,23,1,29,Wiz Khalifa Featuring Charlie Puth-See You Again,wiz khalifa,Charlie Puth,wiz khalifa_see you again
10/17/2015,23,see you again,Wiz Khalifa Featuring Charlie Puth,23,1,30,Wiz Khalifa Featuring Charlie Puth-See You Again,wiz khalifa,Charlie Puth,wiz khalifa_see you again
10/17/2015,27,uptown funk,Mark Ronson Featuring Bruno Mars,14,1,47,Mark Ronson Featuring Bruno Mars-Uptown Funk!,mark ronson,Bruno Mars,mark ronson_uptown funk
10/24/2015,22,see you again,Wiz Khalifa Featuring Charlie Puth,23,1,31,Wiz Khalifa Featuring Charlie Puth-See You Again,wiz khalifa,Charlie Puth,wiz khalifa_see you again
10/24/2015,25,uptown funk,Mark Ronson Featuring Bruno Mars,27,1,48,Mark Ronson Featuring Bruno Mars-Uptown Funk!,mark ronson,Bruno Mars,mark ronson_uptown funk
10/31/2015,25,see you again,Wiz Khalifa Featuring Charlie Puth,22,1,32,Wiz Khalifa Featuring Charlie Puth-See You Again,wiz khalifa,Charlie Puth,wiz khalifa_see you again
10/31/2015,27,uptown funk,Mark Ronson Featuring Bruno Mars,25,1,49,Mark Ronson Featuring Bruno Mars-Uptown Funk!,mark ronson,Bruno Mars,mark ronson_uptown funk
11/7/2015,27,see you again,Wiz Khalifa Featuring Charlie Puth,25,1,33,Wiz Khalifa Featuring Charlie Puth-See You Again,wiz khalifa,Charlie Puth,wiz khalifa_see you again
11/7/2015,30,uptown funk,Mark Ronson Featuring Bruno Mars,27,1,50,Mark Ronson Featuring Bruno Mars-Uptown Funk!,mark ronson,Bruno Mars,mark ronson_uptown funk
11/14/2015,30,see you again,Wiz Khalifa Featuring Charlie Puth,27,1,34,Wiz Khalifa Featuring Charlie Puth-See You Again,wiz khalifa,Charlie Puth,wiz khalifa_see you again
11/14/2015,34,uptown funk,Mark Ronson Featuring Bruno Mars,30,1,51,Mark Ronson Featuring Bruno Mars-Uptown Funk!,mark ronson,Bruno Mars,mark ronson_uptown funk
11/21/2015,34,see you again,Wiz Khalifa Featuring Charlie Puth,30,1,35,Wiz Khalifa Featuring Charlie Puth-See You Again,wiz khalifa,Charlie Puth,wiz khalifa_see you again
11/21/2015,37,uptown funk,Mark Ronson Featuring Bruno Mars,34,1,52,Mark Ronson Featuring Bruno Mars-Uptown Funk!,mark ronson,Bruno Mars,mark ronson_uptown funk
11/28/2015,33,see you again,Wiz Khalifa Featuring Charlie Puth,34,1,36,Wiz Khalifa Featuring Charlie Puth-See You Again,wiz khalifa,Charlie Puth,wiz khalifa_see you again
11/28/2015,36,uptown funk,Mark Ronson Featuring Bruno Mars,37,1,53,Mark Ronson Featuring Bruno Mars-Uptown Funk!,mark ronson,Bruno Mars,mark ronson_uptown funk
12/5/2015,24,uptown funk,Mark Ronson Featuring Bruno Mars,36,1,54,Mark Ronson Featuring Bruno Mars-Uptown Funk!,mark ronson,Bruno Mars,mark ronson_uptown funk
12/5/2015,41,see you again,Wiz Khalifa Featuring Charlie Puth,33,1,37,Wiz Khalifa Featuring Charlie Puth-See You Again,wiz khalifa,Charlie Puth,wiz khalifa_see you again
12/12/2015,21,uptown funk,Mark Ronson Featuring Bruno Mars,24,1,55,Mark Ronson Featuring Bruno Mars-Uptown Funk!,mark ronson,Bruno Mars,mark ronson_uptown funk
12/12/2015,36,see you again,Wiz Khalifa Featuring Charlie Puth,41,1,38,Wiz Khalifa Featuring Charlie Puth-See You Again,wiz khalifa,Charlie Puth,wiz khalifa_see you again
12/19/2015,39,see you again,Wiz Khalifa Featuring Charlie Puth,36,1,39,Wiz Khalifa Featuring Charlie Puth-See You Again,wiz khalifa,Charlie Puth,wiz khalifa_see you again
12/26/2015,41,see you again,Wiz Khalifa Featuring Charlie Puth,39,1,40,Wiz Khalifa Featuring Charlie Puth-See You Again,wiz khalifa,Charlie Puth,wiz khalifa_see you again
1/2/2016,42,see you again,Wiz Khalifa Featuring Charlie Puth,41,1,41,Wiz Khalifa Featuring Charlie Puth-See You Again,wiz khalifa,Charlie Puth,wiz khalifa_see you again
1/9/2016,41,see you again,Wiz Khalifa Featuring Charlie Puth,42,1,42,Wiz Khalifa Featuring Charlie Puth-See You Again,wiz khalifa,Charlie Puth,wiz khalifa_see you again
1/16/2016,30,see you again,Wiz Khalifa Featuring Charlie Puth,41,1,43,Wiz Khalifa Featuring Charlie Puth-See You Again,wiz khalifa,Charlie Puth,wiz khalifa_see you again
1/23/2016,36,see you again,Wiz Khalifa Featuring Charlie Puth,30,1,44,Wiz Khalifa Featuring Charlie Puth-See You Again,wiz khalifa,Charlie Puth,wiz khalifa_see you again
1/30/2016,38,see you again,Wiz Khalifa Featuring Charlie Puth,36,1,45,Wiz Khalifa Featuring Charlie Puth-See You Again,wiz khalifa,Charlie Puth,wiz khalifa_see you again
2/6/2016,37,see you again,Wiz Khalifa Featuring Charlie Puth,38,1,46,Wiz Khalifa Featuring Charlie Puth-See You Again,wiz khalifa,Charlie Puth,wiz khalifa_see you again
2/13/2016,41,see you again,Wiz Khalifa Featuring Charlie Puth,37,1,47,Wiz Khalifa Featuring Charlie Puth-See You Again,wiz khalifa,Charlie Puth,wiz khalifa_see you again
2/20/2016,45,see you again,Wiz Khalifa Featuring Charlie Puth,41,1,48,Wiz Khalifa Featuring Charlie Puth-See You Again,wiz khalifa,Charlie Puth,wiz khalifa_see you again
2/27/2016,45,see you again,Wiz Khalifa Featuring Charlie Puth,45,1,49,Wiz Khalifa Featuring Charlie Puth-See You Again,wiz khalifa,Charlie Puth,wiz khalifa_see you again
3/5/2016,22,uptown funk,Mark Ronson Featuring Bruno Mars,-,1,56,Mark Ronson Featuring Bruno Mars-Uptown Funk!,mark ronson,Bruno Mars,mark ronson_uptown funk
3/5/2016,44,see you again,Wiz Khalifa Featuring Charlie Puth,45,1,50,Wiz Khalifa Featuring Charlie Puth-See You Again,wiz khalifa,Charlie Puth,wiz khalifa_see you again
3/5/2016,81,cheap thrills,Sia Featuring Sean Paul,-,81,1,Sia Featuring Sean Paul-Cheap Thrills,sia,Sean Paul,sia_cheap thrills
3/12/2016,45,see you again,Wiz Khalifa Featuring Charlie Puth,44,1,51,Wiz Khalifa Featuring Charlie Puth-See You Again,wiz khalifa,Charlie Puth,wiz khalifa_see you again
3/12/2016,97,cheap thrills,Sia Featuring Sean Paul,81,81,2,Sia Featuring Sean Paul-Cheap Thrills,sia,Sean Paul,sia_cheap thrills
3/19/2016,49,see you again,Wiz Khalifa Featuring Charlie Puth,45,1,52,Wiz Khalifa Featuring Charlie Puth-See You Again,wiz khalifa,Charlie Puth,wiz khalifa_see you again
3/19/2016,91,cheap thrills,Sia Featuring Sean Paul,97,81,3,Sia Featuring Sean Paul-Cheap Thrills,sia,Sean Paul,sia_cheap thrills
3/26/2016,92,cheap thrills,Sia Featuring Sean Paul,91,81,4,Sia Featuring Sean Paul-Cheap Thrills,sia,Sean Paul,sia_cheap thrills
4/2/2016,87,cheap thrills,Sia Featuring Sean Paul,92,81,5,Sia Featuring Sean Paul-Cheap Thrills,sia,Sean Paul,sia_cheap thrills
4/9/2016,71,cheap thrills,Sia Featuring Sean Paul,87,71,6,Sia Featuring Sean Paul-Cheap Thrills,sia,Sean Paul,sia_cheap thrills
4/16/2016,39,cheap thrills,Sia Featuring Sean Paul,71,39,7,Sia Featuring Sean Paul-Cheap Thrills,sia,Sean Paul,sia_cheap thrills
4/23/2016,55,cheap thrills,Sia Featuring Sean Paul,39,39,8,Sia Featuring Sean Paul-Cheap Thrills,sia,Sean Paul,sia_cheap thrills
4/30/2016,47,cheap thrills,Sia Featuring Sean Paul,55,39,9,Sia Featuring Sean Paul-Cheap Thrills,sia,Sean Paul,sia_cheap thrills
5/7/2016,47,cheap thrills,Sia Featuring Sean Paul,47,39,10,Sia Featuring Sean Paul-Cheap Thrills,sia,Sean Paul,sia_cheap thrills
5/14/2016,54,cheap thrills,Sia Featuring Sean Paul,47,39,11,Sia Featuring Sean Paul-Cheap Thrills,sia,Sean Paul,sia_cheap thrills
5/21/2016,48,cheap thrills,Sia Featuring Sean Paul,54,39,12,Sia Featuring Sean Paul-Cheap Thrills,sia,Sean Paul,sia_cheap thrills
5/28/2016,1,can't stop the feeling!,Justin Timberlake,-,1,1,Justin Timberlake-Can't Stop The Feeling!,justin timberlake,,justin timberlake_can't stop the feeling!
5/28/2016,38,cheap thrills,Sia Featuring Sean Paul,48,38,13,Sia Featuring Sean Paul-Cheap Thrills,sia,Sean Paul,sia_cheap thrills
6/4/2016,3,can't stop the feeling!,Justin Timberlake,1,1,2,Justin Timberlake-Can't Stop The Feeling!,justin timberlake,,justin timberlake_can't stop the feeling!
6/4/2016,34,cheap thrills,Sia Featuring Sean Paul,38,34,14,Sia Featuring Sean Paul-Cheap Thrills,sia,Sean Paul,sia_cheap thrills
6/11/2016,3,can't stop the feeling!,Justin Timberlake,3,1,3,Justin Timberlake-Can't Stop The Feeling!,justin timberlake,,justin timberlake_can't stop the feeling!
6/11/2016,24,cheap thrills,Sia Featuring Sean Paul,34,24,15,Sia Featuring Sean Paul-Cheap Thrills,sia,Sean Paul,sia_cheap thrills
6/18/2016,3,can't stop the feeling!,Justin Timberlake,3,1,4,Justin Timberlake-Can't Stop The Feeling!,justin timberlake,,justin timberlake_can't stop the feeling!
6/18/2016,19,cheap thrills,Sia Featuring Sean Paul,24,19,16,Sia Featuring Sean Paul-Cheap Thrills,sia,Sean Paul,sia_cheap thrills
6/25/2016,3,can't stop the feeling!,Justin Timberlake,3,1,5,Justin Timberlake-Can't Stop The Feeling!,justin timberlake,,justin timberlake_can't stop the feeling!
6/25/2016,13,cheap thrills,Sia Featuring Sean Paul,19,13,17,Sia Featuring Sean Paul-Cheap Thrills,sia,Sean Paul,sia_cheap thrills
7/2/2016,2,can't stop the feeling!,Justin Timberlake,3,1,6,Justin Timberlake-Can't Stop The Feeling!,justin timberlake,,justin timberlake_can't stop the feeling!
7/2/2016,8,cheap thrills,Sia Featuring Sean Paul,13,8,18,Sia Featuring Sean Paul-Cheap Thrills,sia,Sean Paul,sia_cheap thrills
7/9/2016,2,can't stop the feeling!,Justin Timberlake,2,1,7,Justin Timberlake-Can't Stop The Feeling!,justin timberlake,,justin timberlake_can't stop the feeling!
7/9/2016,6,cheap thrills,Sia Featuring Sean Paul,8,6,19,Sia Featuring Sean Paul-Cheap Thrills,sia,Sean Paul,sia_cheap thrills
7/16/2016,2,can't stop the feeling!,Justin Timberlake,2,1,8,Justin Timberlake-Can't Stop The Feeling!,justin timberlake,,justin timberlake_can't stop the feeling!
7/16/2016,6,cheap thrills,Sia Featuring Sean Paul,6,6,20,Sia Featuring Sean Paul-Cheap Thrills,sia,Sean Paul,sia_cheap thrills
7/23/2016,2,can't stop the feeling!,Justin Timberlake,2,1,9,Justin Timberlake-Can't Stop The Feeling!,justin timberlake,,justin timberlake_can't stop the feeling!
7/23/2016,5,cheap thrills,Sia Featuring Sean Paul,6,5,21,Sia Featuring Sean Paul-Cheap Thrills,sia,Sean Paul,sia_cheap thrills
7/30/2016,2,can't stop the feeling!,Justin Timberlake,2,1,10,Justin Timberlake-Can't Stop The Feeling!,justin timberlake,,justin timberlake_can't stop the feeling!
7/30/2016,3,cheap thrills,Sia Featuring Sean Paul,5,3,22,Sia Featuring Sean Paul-Cheap Thrills,sia,Sean Paul,sia_cheap thrills
8/6/2016,1,cheap thrills,Sia Featuring Sean Paul,3,1,23,Sia Featuring Sean Paul-Cheap Thrills,sia,Sean Paul,sia_cheap thrills
8/6/2016,4,can't stop the feeling!,Justin Timberlake,2,1,11,Justin Timberlake-Can't Stop The Feeling!,justin timberlake,,justin timberlake_can't stop the feeling!
8/13/2016,1,cheap thrills,Sia Featuring Sean Paul,1,1,24,Sia Featuring Sean Paul-Cheap Thrills,sia,Sean Paul,sia_cheap thrills
8/13/2016,5,can't stop the feeling!,Justin Timberlake,4,1,12,Justin Timberlake-Can't Stop The Feeling!,justin timberlake,,justin timberlake_can't stop the feeling!
8/20/2016,1,cheap thrills,Sia Featuring Sean Paul,1,1,25,Sia Featuring Sean Paul-Cheap Thrills,sia,Sean Paul,sia_cheap thrills
8/20/2016,4,can't stop the feeling!,Justin Timberlake,5,1,13,Justin Timberlake-Can't Stop The Feeling!,justin timberlake,,justin timberlake_can't stop the feeling!
8/20/2016,9,closer,The Chainsmokers Featuring Halsey,-,9,1,The Chainsmokers Featuring Halsey-Closer,the chainsmokers,Halsey,the chainsmokers_closer
8/27/2016,1,cheap thrills,Sia Featuring Sean Paul,1,1,26,Sia Featuring Sean Paul-Cheap Thrills,sia,Sean Paul,sia_cheap thrills
8/27/2016,6,closer,The Chainsmokers Featuring Halsey,9,6,2,The Chainsmokers Featuring Halsey-Closer,the chainsmokers,Halsey,the chainsmokers_closer
8/27/2016,9,can't stop the feeling!,Justin Timberlake,4,1,14,Justin Timberlake-Can't Stop The Feeling!,justin timberlake,,justin timberlake_can't stop the feeling!
9/3/2016,1,closer,The Chainsmokers Featuring Halsey,6,1,3,The Chainsmokers Featuring Halsey-Closer,the chainsmokers,Halsey,the chainsmokers_closer
9/3/2016,2,cheap thrills,Sia Featuring Sean Paul,1,1,27,Sia Featuring Sean Paul-Cheap Thrills,sia,Sean Paul,sia_cheap thrills
9/3/2016,9,can't stop the feeling!,Justin Timberlake,9,1,15,Justin Timberlake-Can't Stop The Feeling!,justin timberlake,,justin timberlake_can't stop the feeling!
9/10/2016,1,closer,The Chainsmokers Featuring Halsey,1,1,4,The Chainsmokers Featuring Halsey-Closer,the chainsmokers,Halsey,the chainsmokers_closer
9/10/2016,3,cheap thrills,Sia Featuring Sean Paul,2,1,28,Sia Featuring Sean Paul-Cheap Thrills,sia,Sean Paul,sia_cheap thrills
9/10/2016,12,can't stop the feeling!,Justin Timberlake,9,1,16,Justin Timberlake-Can't Stop The Feeling!,justin timberlake,,justin timberlake_can't stop the feeling!
9/17/2016,1,closer,The Chainsmokers Featuring Halsey,1,1,5,The Chainsmokers Featuring Halsey-Closer,the chainsmokers,Halsey,the chainsmokers_closer
9/17/2016,4,cheap thrills,Sia Featuring Sean Paul,3,1,29,Sia Featuring Sean Paul-Cheap Thrills,sia,Sean Paul,sia_cheap thrills
9/17/2016,14,can't stop the feeling!,Justin Timberlake,12,1,17,Justin Timberlake-Can't Stop The Feeling!,justin timberlake,,justin timberlake_can't stop the feeling!
9/24/2016,1,closer,The Chainsmokers Featuring Halsey,1,1,6,The Chainsmokers Featuring Halsey-Closer,the chainsmokers,Halsey,the chainsmokers_closer
9/24/2016,4,cheap thrills,Sia Featuring Sean Paul,4,1,30,Sia Featuring Sean Paul-Cheap Thrills,sia,Sean Paul,sia_cheap thrills
9/24/2016,16,can't stop the feeling!,Justin Timberlake,14,1,18,Justin Timberlake-Can't Stop The Feeling!,justin timberlake,,justin timberlake_can't stop the feeling!
10/1/2016,1,closer,The Chainsmokers Featuring Halsey,1,1,7,The Chainsmokers Featuring Halsey-Closer,the chainsmokers,Halsey,the chainsmokers_closer
10/1/2016,4,cheap thrills,Sia Featuring Sean Paul,4,1,31,Sia Featuring Sean Paul-Cheap Thrills,sia,Sean Paul,sia_cheap thrills
10/1/2016,18,can't stop the feeling!,Justin Timberlake,16,1,19,Justin Timberlake-Can't Stop The Feeling!,justin timberlake,,justin timberlake_can't stop the feeling!
10/8/2016,1,closer,The Chainsmokers Featuring Halsey,1,1,8,The Chainsmokers Featuring Halsey-Closer,the chainsmokers,Halsey,the chainsmokers_closer
10/8/2016,5,cheap thrills,Sia Featuring Sean Paul,4,1,32,Sia Featuring Sean Paul-Cheap Thrills,sia,Sean Paul,sia_cheap thrills
10/8/2016,17,can't stop the feeling!,Justin Timberlake,18,1,20,Justin Timberlake-Can't Stop The Feeling!,justin timberlake,,justin timberlake_can't stop the feeling!
10/15/2016,1,closer,The Chainsmokers Featuring Halsey,1,1,9,The Chainsmokers Featuring Halsey-Closer,the chainsmokers,Halsey,the chainsmokers_closer
10/15/2016,7,cheap thrills,Sia Featuring Sean Paul,5,1,33,Sia Featuring Sean Paul-Cheap Thrills,sia,Sean Paul,sia_cheap thrills
10/15/2016,20,can't stop the feeling!,Justin Timberlake,17,1,21,Justin Timberlake-Can't Stop The Feeling!,justin timberlake,,justin timberlake_can't stop the feeling!
10/22/2016,1,closer,The Chainsmokers Featuring Halsey,1,1,10,The Chainsmokers Featuring Halsey-Closer,the chainsmokers,Halsey,the chainsmokers_closer
10/22/2016,8,cheap thrills,Sia Featuring Sean Paul,7,1,34,Sia Featuring Sean Paul-Cheap Thrills,sia,Sean Paul,sia_cheap thrills
10/22/2016,23,can't stop the feeling!,Justin Timberlake,20,1,22,Justin Timberlake-Can't Stop The Feeling!,justin timberlake,,justin timberlake_can't stop the feeling!
10/29/2016,1,closer,The Chainsmokers Featuring Halsey,1,1,11,The Chainsmokers Featuring Halsey-Closer,the chainsmokers,Halsey,the chainsmokers_closer
10/29/2016,9,cheap thrills,Sia Featuring Sean Paul,8,1,35,Sia Featuring Sean Paul-Cheap Thrills,sia,Sean Paul,sia_cheap thrills
10/29/2016,22,can't stop the feeling!,Justin Timberlake,23,1,23,Justin Timberlake-Can't Stop The Feeling!,justin timberlake,,justin timberlake_can't stop the feeling!
11/5/2016,1,closer,The Chainsmokers Featuring Halsey,1,1,12,The Chainsmokers Featuring Halsey-Closer,the chainsmokers,Halsey,the chainsmokers_closer
11/5/2016,12,cheap thrills,Sia Featuring Sean Paul,9,1,36,Sia Featuring Sean Paul-Cheap Thrills,sia,Sean Paul,sia_cheap thrills
11/5/2016,19,can't stop the feeling!,Justin Timberlake,22,1,24,Justin Timberlake-Can't Stop The Feeling!,justin timberlake,,justin timberlake_can't stop the feeling!
11/12/2016,1,closer,The Chainsmokers Featuring Halsey,1,1,13,The Chainsmokers Featuring Halsey-Closer,the chainsmokers,Halsey,the chainsmokers_closer
11/12/2016,12,cheap thrills,Sia Featuring Sean Paul,12,1,37,Sia Featuring Sean Paul-Cheap Thrills,sia,Sean Paul,sia_cheap thrills
11/12/2016,21,can't stop the feeling!,Justin Timberlake,19,1,25,Justin Timberlake-Can't Stop The Feeling!,justin timberlake,,justin timberlake_can't stop the feeling!
11/19/2016,1,closer,The Chainsmokers Featuring Halsey,1,1,14,The Chainsmokers Featuring Halsey-Closer,the chainsmokers,Halsey,the chainsmokers_closer
11/19/2016,15,cheap thrills,Sia Featuring Sean Paul,12,1,38,Sia Featuring Sean Paul-Cheap Thrills,sia,Sean Paul,sia_cheap thrills
11/19/2016,22,can't stop the feeling!,Justin Timberlake,21,1,26,Justin Timberlake-Can't Stop The Feeling!,justin timberlake,,justin timberlake_can't stop the feeling!
11/26/2016,2,closer,The Chainsmokers Featuring Halsey,1,1,15,The Chainsmokers Featuring Halsey-Closer,the chainsmokers,Halsey,the chainsmokers_closer
11/26/2016,15,cheap thrills,Sia Featuring Sean Paul,15,1,39,Sia Featuring Sean Paul-Cheap Thrills,sia,Sean Paul,sia_cheap thrills
11/26/2016,16,can't stop the feeling!,Justin Timberlake,22,1,27,Justin Timberlake-Can't Stop The Feeling!,justin timberlake,,justin timberlake_can't stop the feeling!
12/3/2016,2,closer,The Chainsmokers Featuring Halsey,2,1,16,The Chainsmokers Featuring Halsey-Closer,the chainsmokers,Halsey,the chainsmokers_closer
12/3/2016,18,can't stop the feeling!,Justin Timberlake,16,1,28,Justin Timberlake-Can't Stop The Feeling!,justin timberlake,,justin timberlake_can't stop the feeling!
12/3/2016,19,cheap thrills,Sia Featuring Sean Paul,15,1,40,Sia Featuring Sean Paul-Cheap Thrills,sia,Sean Paul,sia_cheap thrills
12/10/2016,2,closer,The Chainsmokers Featuring Halsey,2,1,17,The Chainsmokers Featuring Halsey-Closer,the chainsmokers,Halsey,the chainsmokers_closer
12/10/2016,19,can't stop the feeling!,Justin Timberlake,18,1,29,Justin Timberlake-Can't Stop The Feeling!,justin timberlake,,justin timberlake_can't stop the feeling!
12/10/2016,21,cheap thrills,Sia Featuring Sean Paul,19,1,41,Sia Featuring Sean Paul-Cheap Thrills,sia,Sean Paul,sia_cheap thrills
12/17/2016,3,closer,The Chainsmokers Featuring Halsey,2,1,18,The Chainsmokers Featuring Halsey-Closer,the chainsmokers,Halsey,the chainsmokers_closer
12/17/2016,24,cheap thrills,Sia Featuring Sean Paul,21,1,42,Sia Featuring Sean Paul-Cheap Thrills,sia,Sean Paul,sia_cheap thrills
12/17/2016,25,can't stop the feeling!,Justin Timberlake,19,1,30,Justin Timberlake-Can't Stop The Feeling!,justin timberlake,,justin timberlake_can't stop the feeling!
12/24/2016,3,closer,The Chainsmokers Featuring Halsey,3,1,19,The Chainsmokers Featuring Halsey-Closer,the chainsmokers,Halsey,the chainsmokers_closer
12/24/2016,26,cheap thrills,Sia Featuring Sean Paul,24,1,43,Sia Featuring Sean Paul-Cheap Thrills,sia,Sean Paul,sia_cheap thrills
12/24/2016,32,can't stop the feeling!,Justin Timberlake,25,1,31,Justin Timberlake-Can't Stop The Feeling!,justin timberlake,,justin timberlake_can't stop the feeling!
12/31/2016,3,closer,The Chainsmokers Featuring Halsey,3,1,20,The Chainsmokers Featuring Halsey-Closer,the chainsmokers,Halsey,the chainsmokers_closer
12/31/2016,39,can't stop the feeling!,Justin Timberlake,32,1,32,Justin Timberlake-Can't Stop The Feeling!,justin timberlake,,justin timberlake_can't stop the feeling!
12/31/2016,41,cheap thrills,Sia Featuring Sean Paul,26,1,44,Sia Featuring Sean Paul-Cheap Thrills,sia,Sean Paul,sia_cheap thrills
1/7/2017,3,closer,The Chainsmokers Featuring Halsey,3,1,21,The Chainsmokers Featuring Halsey-Closer,the chainsmokers,Halsey,the chainsmokers_closer
1/7/2017,32,can't stop the feeling!,Justin Timberlake,39,1,33,Justin Timberlake-Can't Stop The Feeling!,justin timberlake,,justin timberlake_can't stop the feeling!
1/7/2017,36,cheap thrills,Sia Featuring Sean Paul,41,1,45,Sia Featuring Sean Paul-Cheap Thrills,sia,Sean Paul,sia_cheap thrills
1/14/2017,4,closer,The Chainsmokers Featuring Halsey,3,1,22,The Chainsmokers Featuring Halsey-Closer,the chainsmokers,Halsey,the chainsmokers_closer
1/14/2017,25,can't stop the feeling!,Justin Timberlake,32,1,34,Justin Timberlake-Can't Stop The Feeling!,justin timberlake,,justin timberlake_can't stop the feeling!
1/14/2017,30,cheap thrills,Sia Featuring Sean Paul,36,1,46,Sia Featuring Sean Paul-Cheap Thrills,sia,Sean Paul,sia_cheap thrills
1/21/2017,3,closer,The Chainsmokers Featuring Halsey,4,1,23,The Chainsmokers Featuring Halsey-Closer,the chainsmokers,Halsey,the chainsmokers_closer
1/21/2017,20,can't stop the feeling!,Justin Timberlake,25,1,35,Justin Timberlake-Can't Stop The Feeling!,justin timberlake,,justin timberlake_can't stop the feeling!
1/21/2017,26,cheap thrills,Sia Featuring Sean Paul,30,1,47,Sia Featuring Sean Paul-Cheap Thrills,sia,Sean Paul,sia_cheap thrills
1/28/2017,5,closer,The Chainsmokers Featuring Halsey,3,1,24,The Chainsmokers Featuring Halsey-Closer,the chainsmokers,Halsey,the chainsmokers_closer
1/28/2017,25,can't stop the feeling!,Justin Timberlake,20,1,36,Justin Timberlake-Can't Stop The Feeling!,justin timberlake,,justin timberlake_can't stop the feeling!
1/28/2017,27,cheap thrills,Sia Featuring Sean Paul,26,1,48,Sia Featuring Sean Paul-Cheap Thrills,sia,Sean Paul,sia_cheap thrills
2/4/2017,4,closer,The Chainsmokers Featuring Halsey,5,1,25,The Chainsmokers Featuring Halsey-Closer,the chainsmokers,Halsey,the chainsmokers_closer
2/4/2017,24,can't stop the feeling!,Justin Timberlake,25,1,37,Justin Timberlake-Can't Stop The Feeling!,justin timberlake,,justin timberlake_can't stop the feeling!
2/4/2017,27,cheap thrills,Sia Featuring Sean Paul,27,1,49,Sia Featuring Sean Paul-Cheap Thrills,sia,Sean Paul,sia_cheap thrills
2/11/2017,3,closer,The Chainsmokers Featuring Halsey,4,1,26,The Chainsmokers Featuring Halsey-Closer,the chainsmokers,Halsey,the chainsmokers_closer
2/11/2017,23,can't stop the feeling!,Justin Timberlake,24,1,38,Justin Timberlake-Can't Stop The Feeling!,justin timberlake,,justin timberlake_can't stop the feeling!
2/11/2017,27,cheap thrills,Sia Featuring Sean Paul,27,1,50,Sia Featuring Sean Paul-Cheap Thrills,sia,Sean Paul,sia_cheap thrills
2/18/2017,5,closer,The Chainsmokers Featuring Halsey,3,1,27,The Chainsmokers Featuring Halsey-Closer,the chainsmokers,Halsey,the chainsmokers_closer
2/18/2017,22,can't stop the feeling!,Justin Timberlake,23,1,39,Justin Timberlake-Can't Stop The Feeling!,justin timberlake,,justin timberlake_can't stop the feeling!
2/18/2017,30,cheap thrills,Sia Featuring Sean Paul,27,1,51,Sia Featuring Sean Paul-Cheap Thrills,sia,Sean Paul,sia_cheap thrills
2/25/2017,7,closer,The Chainsmokers Featuring Halsey,5,1,28,The Chainsmokers Featuring Halsey-Closer,the chainsmokers,Halsey,the chainsmokers_closer
2/25/2017,25,can't stop the feeling!,Justin Timberlake,22,1,40,Justin Timberlake-Can't Stop The Feeling!,justin timberlake,,justin timberlake_can't stop the feeling!
2/25/2017,32,cheap thrills,Sia Featuring Sean Paul,30,1,52,Sia Featuring Sean Paul-Cheap Thrills,sia,Sean Paul,sia_cheap thrills
3/4/2017,5,closer,The Chainsmokers Featuring Halsey,7,1,29,The Chainsmokers Featuring Halsey-Closer,the chainsmokers,Halsey,the chainsmokers_closer
3/4/2017,25,can't stop the feeling!,Justin Timberlake,25,1,41,Justin Timberlake-Can't Stop The Feeling!,justin timberlake,,justin timberlake_can't stop the feeling!
3/11/2017,5,closer,The Chainsmokers Featuring Halsey,5,1,30,The Chainsmokers Featuring Halsey-Closer,the chainsmokers,Halsey,the chainsmokers_closer
3/11/2017,29,can't stop the feeling!,Justin Timberlake,25,1,42,Justin Timberlake-Can't Stop The Feeling!,justin timberlake,,justin timberlake_can't stop the feeling!
3/18/2017,10,closer,The Chainsmokers Featuring Halsey,5,1,31,The Chainsmokers Featuring Halsey-Closer,the chainsmokers,Halsey,the chainsmokers_closer
3/18/2017,13,can't stop the feeling!,Justin Timberlake,29,1,43,Justin Timberlake-Can't Stop The Feeling!,justin timberlake,,justin timberlake_can't stop the feeling!
3/25/2017,10,closer,The Chainsmokers Featuring Halsey,10,1,32,The Chainsmokers Featuring Halsey-Closer,the chainsmokers,Halsey,the chainsmokers_closer
3/25/2017,24,can't stop the feeling!,Justin Timberlake,13,1,44,Justin Timberlake-Can't Stop The Feeling!,justin timberlake,,justin timberlake_can't stop the feeling!
4/1/2017,13,closer,The Chainsmokers Featuring Halsey,10,1,33,The Chainsmokers Featuring Halsey-Closer,the chainsmokers,Halsey,the chainsmokers_closer
4/1/2017,28,can't stop the feeling!,Justin Timberlake,24,1,45,Justin Timberlake-Can't Stop The Feeling!,justin timberlake,,justin timberlake_can't stop the feeling!
4/8/2017,17,closer,The Chainsmokers Featuring Halsey,13,1,34,The Chainsmokers Featuring Halsey-Closer,the chainsmokers,Halsey,the chainsmokers_closer
4/8/2017,33,can't stop the feeling!,Justin Timberlake,28,1,46,Justin Timberlake-Can't Stop The Feeling!,justin timberlake,,justin timberlake_can't stop the feeling!
4/15/2017,20,closer,The Chainsmokers Featuring Halsey,17,1,35,The Chainsmokers Featuring Halsey-Closer,the chainsmokers,Halsey,the chainsmokers_closer
4/15/2017,31,can't stop the feeling!,Justin Timberlake,33,1,47,Justin Timberlake-Can't Stop The Feeling!,justin timberlake,,justin timberlake_can't stop the feeling!
4/22/2017,21,closer,The Chainsmokers Featuring Halsey,20,1,36,The Chainsmokers Featuring Halsey-Closer,the chainsmokers,Halsey,the chainsmokers_closer
4/22/2017,32,can't stop the feeling!,Justin Timberlake,31,1,48,Justin Timberlake-Can't Stop The Feeling!,justin timberlake,,justin timberlake_can't stop the feeling!
4/29/2017,23,closer,The Chainsmokers Featuring Halsey,21,1,37,The Chainsmokers Featuring Halsey-Closer,the chainsmokers,Halsey,the chainsmokers_closer
4/29/2017,33,can't stop the feeling!,Justin Timberlake,32,1,49,Justin Timberlake-Can't Stop The Feeling!,justin timberlake,,justin timberlake_can't stop the feeling!
5/6/2017,28,closer,The Chainsmokers Featuring Halsey,23,1,38,The Chainsmokers Featuring Halsey-Closer,the chainsmokers,Halsey,the chainsmokers_closer
5/6/2017,47,can't stop the feeling!,Justin Timberlake,33,1,50,Justin Timberlake-Can't Stop The Feeling!,justin timberlake,,justin timberlake_can't stop the feeling!
5/13/2017,23,closer,The Chainsmokers Featuring Halsey,28,1,39,The Chainsmokers Featuring Halsey-Closer,the chainsmokers,Halsey,the chainsmokers_closer
5/13/2017,38,can't stop the feeling!,Justin Timberlake,47,1,51,Justin Timberlake-Can't Stop The Feeling!,justin timberlake,,justin timberlake_can't stop the feeling!
5/20/2017,23,closer,The Chainsmokers Featuring Halsey,23,1,40,The Chainsmokers Featuring Halsey-Closer,the chainsmokers,Halsey,the chainsmokers_closer
5/20/2017,39,can't stop the feeling!,Justin Timberlake,38,1,52,Justin Timberlake-Can't Stop The Feeling!,justin timberlake,,justin timberlake_can't stop the feeling!
5/27/2017,25,closer,The Chainsmokers Featuring Halsey,23,1,41,The Chainsmokers Featuring Halsey-Closer,the chainsmokers,Halsey,the chainsmokers_closer
6/3/2017,27,closer,The Chainsmokers Featuring Halsey,25,1,42,The Chainsmokers Featuring Halsey-Closer,the chainsmokers,Halsey,the chainsmokers_closer
6/10/2017,32,closer,The Chainsmokers Featuring Halsey,27,1,43,The Chainsmokers Featuring Halsey-Closer,the chainsmokers,Halsey,the chainsmokers_closer
6/17/2017,32,closer,The Chainsmokers Featuring Halsey,32,1,44,The Chainsmokers Featuring Halsey-Closer,the chainsmokers,Halsey,the chainsmokers_closer
6/24/2017,32,closer,The Chainsmokers Featuring Halsey,32,1,45,The Chainsmokers Featuring Halsey-Closer,the chainsmokers,Halsey,the chainsmokers_closer
7/1/2017,34,closer,The Chainsmokers Featuring Halsey,32,1,46,The Chainsmokers Featuring Halsey-Closer,the chainsmokers,Halsey,the chainsmokers_closer
7/8/2017,33,closer,The Chainsmokers Featuring Halsey,34,1,47,The Chainsmokers Featuring Halsey-Closer,the chainsmokers,Halsey,the chainsmokers_closer
7/15/2017,34,closer,The Chainsmokers Featuring Halsey,33,1,48,The Chainsmokers Featuring Halsey-Closer,the chainsmokers,Halsey,the chainsmokers_closer
7/22/2017,36,closer,The Chainsmokers Featuring Halsey,34,1,49,The Chainsmokers Featuring Halsey-Closer,the chainsmokers,Halsey,the chainsmokers_closer
7/29/2017,37,closer,The Chainsmokers Featuring Halsey,36,1,50,The Chainsmokers Featuring Halsey-Closer,the chainsmokers,Halsey,the chainsmokers_closer
8/5/2017,36,closer,The Chainsmokers Featuring Halsey,37,1,51,The Chainsmokers Featuring Halsey-Closer,the chainsmokers,Halsey,the chainsmokers_closer
8/12/2017,39,closer,The Chainsmokers Featuring Halsey,36,1,52,The Chainsmokers Featuring Halsey-Closer,the chainsmokers,Halsey,the chainsmokers_closer
