,key,week_of,modified_at
0,adele_rolling in the deep,2011-08-20,1
1,adele_rolling in the deep,2011-10-01,1
2,adele_rolling in the deep,2011-10-22,1
3,adele_rolling in the deep,2012-01-07,1
4,adele_rolling in the deep,2012-08-18,1
5,adele_rolling in the deep,2012-09-01,1
6,adele_rolling in the deep,2012-10-13,1
7,adele_rolling in the deep,2013-01-05,1
8,adele_rolling in the deep,2013-01-26,1
9,adele_rolling in the deep,2013-02-02,1
10,adele_rolling in the deep,2013-02-09,2
11,adele_rolling in the deep,2013-03-09,3
12,adele_rolling in the deep,2013-04-06,3
13,adele_rolling in the deep,2013-04-13,2
14,adele_rolling in the deep,2013-05-11,2
15,adele_rolling in the deep,2013-05-18,1
16,adele_rolling in the deep,2013-05-25,3
17,adele_rolling in the deep,2013-06-01,3
18,adele_rolling in the deep,2013-06-08,2
19,adele_rolling in the deep,2013-06-15,5
20,adele_rolling in the deep,2013-06-22,1
21,adele_rolling in the deep,2013-07-06,2
22,adele_rolling in the deep,2013-07-20,3
23,adele_rolling in the deep,2013-07-27,1
24,adele_rolling in the deep,2013-08-03,1
25,adele_rolling in the deep,2013-08-10,1
26,adele_rolling in the deep,2013-08-24,7
27,adele_rolling in the deep,2013-08-31,3
28,adele_rolling in the deep,2013-09-07,4
29,adele_rolling in the deep,2013-10-05,2
30,adele_rolling in the deep,2013-10-12,2
31,adele_rolling in the deep,2013-10-19,1
32,adele_rolling in the deep,2013-10-26,1
33,adele_rolling in the deep,2013-11-02,3
34,adele_rolling in the deep,2013-11-09,1
35,adele_rolling in the deep,2013-11-16,2
36,adele_rolling in the deep,2013-11-23,1
37,adele_rolling in the deep,2013-11-30,2
38,adele_rolling in the deep,2013-12-07,2
39,adele_rolling in the deep,2013-12-14,1
40,adele_rolling in the deep,2013-12-28,1
41,adele_rolling in the deep,2014-01-04,3
42,adele_rolling in the deep,2014-01-11,1
43,adele_rolling in the deep,2014-01-25,1
44,adele_rolling in the deep,2014-02-01,2
45,adele_rolling in the deep,2014-02-22,4
46,adele_rolling in the deep,2014-03-01,1
47,adele_rolling in the deep,2014-03-15,2
48,adele_rolling in the deep,2014-03-22,1
49,adele_rolling in the deep,2014-03-29,1
50,adele_rolling in the deep,2014-04-19,1
51,adele_rolling in the deep,2014-04-26,4
52,adele_rolling in the deep,2014-05-03,1
53,adele_rolling in the deep,2014-05-17,1
54,adele_rolling in the deep,2014-05-31,3
55,adele_rolling in the deep,2014-06-14,1
56,adele_rolling in the deep,2014-06-28,2
57,adele_rolling in the deep,2014-07-05,1
58,adele_rolling in the deep,2014-07-12,1
59,adele_rolling in the deep,2014-07-19,1
60,adele_rolling in the deep,2014-07-26,2
61,adele_rolling in the deep,2014-08-02,3
62,adele_rolling in the deep,2014-08-09,2
63,adele_rolling in the deep,2014-08-30,1
64,adele_rolling in the deep,2014-09-06,3
65,adele_rolling in the deep,2014-09-13,1
66,adele_rolling in the deep,2014-09-20,3
67,adele_rolling in the deep,2014-09-27,1
68,adele_rolling in the deep,2014-10-11,2
69,adele_rolling in the deep,2014-10-18,3
70,adele_rolling in the deep,2014-11-01,3
71,adele_rolling in the deep,2014-11-15,9
72,adele_rolling in the deep,2014-11-22,1
73,adele_rolling in the deep,2014-11-29,1
74,adele_rolling in the deep,2014-12-27,4
75,adele_rolling in the deep,2015-01-03,1
76,adele_rolling in the deep,2015-01-17,1
77,adele_rolling in the deep,2015-01-24,3
78,adele_rolling in the deep,2015-01-31,4
79,adele_rolling in the deep,2015-02-07,1
80,adele_rolling in the deep,2015-02-14,3
81,adele_rolling in the deep,2015-02-21,3
82,adele_rolling in the deep,2015-02-28,4
83,adele_rolling in the deep,2015-03-07,3
84,adele_rolling in the deep,2015-03-14,6
85,adele_rolling in the deep,2015-03-28,1
86,adele_rolling in the deep,2015-04-04,3
87,adele_rolling in the deep,2015-04-11,6
88,adele_rolling in the deep,2015-04-18,4
89,adele_rolling in the deep,2015-04-25,8
90,adele_rolling in the deep,2015-05-02,3
91,adele_rolling in the deep,2015-05-09,2
92,adele_rolling in the deep,2015-05-16,3
93,adele_rolling in the deep,2015-05-23,3
94,adele_rolling in the deep,2015-05-30,4
95,adele_rolling in the deep,2015-06-06,3
96,adele_rolling in the deep,2015-06-13,1
97,adele_rolling in the deep,2015-06-20,2
98,adele_rolling in the deep,2015-06-27,1
99,adele_rolling in the deep,2015-07-04,7
100,adele_rolling in the deep,2015-07-11,3
101,adele_rolling in the deep,2015-07-18,2
102,adele_rolling in the deep,2015-07-25,7
103,adele_rolling in the deep,2015-08-01,1
104,adele_rolling in the deep,2015-08-08,1
105,adele_rolling in the deep,2015-08-15,4
106,adele_rolling in the deep,2015-08-22,2
107,adele_rolling in the deep,2015-08-29,3
108,adele_rolling in the deep,2015-09-05,2
109,adele_rolling in the deep,2015-09-12,3
110,adele_rolling in the deep,2015-09-19,4
111,adele_rolling in the deep,2015-09-26,3
112,adele_rolling in the deep,2015-10-03,3
113,adele_rolling in the deep,2015-10-10,2
114,adele_rolling in the deep,2015-10-17,4
115,adele_rolling in the deep,2015-10-24,1
116,adele_rolling in the deep,2015-10-31,6
117,adele_rolling in the deep,2015-11-07,5
118,adele_rolling in the deep,2015-11-14,3
119,adele_rolling in the deep,2015-11-21,5
120,adele_rolling in the deep,2015-11-28,6
121,adele_rolling in the deep,2015-12-05,4
122,adele_rolling in the deep,2015-12-12,4
123,adele_rolling in the deep,2015-12-19,6
124,adele_rolling in the deep,2015-12-26,8
125,adele_rolling in the deep,2016-01-02,2
126,adele_rolling in the deep,2016-01-09,2
127,adele_rolling in the deep,2016-01-16,4
128,adele_rolling in the deep,2016-01-23,3
129,adele_rolling in the deep,2016-01-30,7
130,adele_rolling in the deep,2016-02-06,7
131,adele_rolling in the deep,2016-02-13,8
132,adele_rolling in the deep,2016-02-20,7
133,adele_rolling in the deep,2016-02-27,4
134,adele_rolling in the deep,2016-03-05,3
135,adele_rolling in the deep,2016-03-12,6
136,adele_rolling in the deep,2016-03-19,8
137,adele_rolling in the deep,2016-03-26,6
138,adele_rolling in the deep,2016-04-02,2
139,adele_rolling in the deep,2016-04-09,4
140,adele_rolling in the deep,2016-04-16,4
141,adele_rolling in the deep,2016-04-23,7
142,adele_rolling in the deep,2016-04-30,6
143,adele_rolling in the deep,2016-05-07,4
144,adele_rolling in the deep,2016-05-14,6
145,adele_rolling in the deep,2016-05-21,3
146,adele_rolling in the deep,2016-05-28,5
147,adele_rolling in the deep,2016-06-04,9
148,adele_rolling in the deep,2016-06-11,5
149,adele_rolling in the deep,2016-06-18,3
150,adele_rolling in the deep,2016-06-25,5
151,adele_rolling in the deep,2016-07-02,10
152,adele_rolling in the deep,2016-07-09,7
153,adele_rolling in the deep,2016-07-16,3
154,adele_rolling in the deep,2016-07-23,6
155,adele_rolling in the deep,2016-07-30,5
156,adele_rolling in the deep,2016-08-06,10
157,adele_rolling in the deep,2016-08-13,9
158,adele_rolling in the deep,2016-08-20,9
159,adele_rolling in the deep,2016-08-27,5
160,adele_rolling in the deep,2016-09-03,11
161,adele_rolling in the deep,2016-09-10,5
162,adele_rolling in the deep,2016-09-17,14
163,adele_rolling in the deep,2016-09-24,6
164,adele_rolling in the deep,2016-10-01,6
165,adele_rolling in the deep,2016-10-08,7
166,adele_rolling in the deep,2016-10-15,10
167,adele_rolling in the deep,2016-10-22,6
168,adele_rolling in the deep,2016-10-29,6
169,adele_rolling in the deep,2016-11-05,5
170,adele_rolling in the deep,2016-11-12,7
171,adele_rolling in the deep,2016-11-19,8
172,adele_rolling in the deep,2016-11-26,10
173,adele_rolling in the deep,2016-12-03,7
174,adele_rolling in the deep,2016-12-10,7
175,adele_rolling in the deep,2016-12-17,8
176,adele_rolling in the deep,2016-12-24,10
177,adele_rolling in the deep,2016-12-31,11
178,adele_rolling in the deep,2017-01-07,13
179,adele_rolling in the deep,2017-01-14,9
180,adele_rolling in the deep,2017-01-21,6
181,adele_rolling in the deep,2017-01-28,8
182,adele_rolling in the deep,2017-02-04,6
183,adele_rolling in the deep,2017-02-11,6
184,adele_rolling in the deep,2017-02-18,8
185,adele_rolling in the deep,2017-02-25,7
186,adele_rolling in the deep,2017-03-04,5
187,adele_rolling in the deep,2017-03-11,9
188,adele_rolling in the deep,2017-03-18,6
189,adele_rolling in the deep,2017-03-25,10
190,adele_rolling in the deep,2017-04-01,5
191,adele_rolling in the deep,2017-04-08,5
192,adele_rolling in the deep,2017-04-15,4
193,adele_rolling in the deep,2017-04-22,7
194,adele_rolling in the deep,2017-04-29,10
195,adele_rolling in the deep,2017-05-06,4
196,adele_rolling in the deep,2017-05-13,8
197,adele_rolling in the deep,2017-05-20,5
198,adele_rolling in the deep,2017-05-27,9
199,adele_rolling in the deep,2017-06-03,5
200,adele_rolling in the deep,2017-06-10,14
201,adele_rolling in the deep,2017-06-17,17
202,adele_rolling in the deep,2017-06-24,8
203,adele_rolling in the deep,2017-07-01,15
204,adele_rolling in the deep,2017-07-08,16
205,adele_rolling in the deep,2017-07-15,13
206,adele_rolling in the deep,2017-07-22,5
207,adele_rolling in the deep,2017-07-29,7
208,adele_rolling in the deep,2017-08-05,9
209,adele_rolling in the deep,2017-08-12,5
210,adele_rolling in the deep,2017-08-19,9
211,adele_rolling in the deep,2017-08-26,4
212,adele_rolling in the deep,2017-09-02,11
213,adele_rolling in the deep,2017-09-09,7
214,adele_rolling in the deep,2017-09-16,17
215,adele_rolling in the deep,2017-09-23,13
216,adele_rolling in the deep,2017-09-30,11
217,adele_rolling in the deep,2017-10-07,8
218,adele_rolling in the deep,2017-10-14,13
219,adele_rolling in the deep,2017-10-21,15
220,adele_rolling in the deep,2017-10-28,25
221,adele_rolling in the deep,2017-11-04,7
222,adele_rolling in the deep,2017-12-30,2
223,drake_one dance,2016-04-16,22
224,drake_one dance,2016-04-23,48
225,drake_one dance,2016-04-30,45
226,drake_one dance,2016-05-07,62
227,drake_one dance,2016-05-14,73
228,drake_one dance,2016-05-21,78
229,drake_one dance,2016-05-28,101
230,drake_one dance,2016-06-04,105
231,drake_one dance,2016-06-11,111
232,drake_one dance,2016-06-18,103
233,drake_one dance,2016-06-25,105
234,drake_one dance,2016-07-02,104
235,drake_one dance,2016-07-09,96
236,drake_one dance,2016-07-16,88
237,drake_one dance,2016-07-23,69
238,drake_one dance,2016-07-30,74
239,drake_one dance,2016-08-06,68
240,drake_one dance,2016-08-13,66
241,drake_one dance,2016-08-20,69
242,drake_one dance,2016-08-27,68
243,drake_one dance,2016-09-03,67
244,drake_one dance,2016-09-10,48
245,drake_one dance,2016-09-17,57
246,drake_one dance,2016-09-24,45
247,drake_one dance,2016-10-01,52
248,drake_one dance,2016-10-08,36
249,drake_one dance,2016-10-15,50
250,drake_one dance,2016-10-22,31
251,drake_one dance,2016-10-29,60
252,drake_one dance,2016-11-05,36
253,drake_one dance,2016-11-12,39
254,drake_one dance,2016-11-19,32
255,drake_one dance,2016-11-26,36
256,drake_one dance,2016-12-03,20
257,drake_one dance,2016-12-10,36
258,drake_one dance,2016-12-17,40
259,drake_one dance,2016-12-24,31
260,drake_one dance,2016-12-31,58
261,drake_one dance,2017-01-07,36
262,drake_one dance,2017-01-14,36
263,drake_one dance,2017-01-21,33
264,drake_one dance,2017-01-28,22
265,drake_one dance,2017-02-04,27
266,drake_one dance,2017-02-11,39
267,drake_one dance,2017-02-18,35
268,drake_one dance,2017-02-25,33
269,drake_one dance,2017-03-04,39
270,drake_one dance,2017-03-11,29
271,drake_one dance,2017-03-18,36
272,drake_one dance,2017-03-25,35
273,drake_one dance,2017-04-01,23
274,drake_one dance,2017-04-08,23
275,drake_one dance,2017-04-15,22
276,drake_one dance,2017-04-22,24
277,drake_one dance,2017-04-29,36
278,drake_one dance,2017-05-06,32
279,drake_one dance,2017-05-13,32
280,drake_one dance,2017-05-20,43
281,drake_one dance,2017-05-27,40
282,drake_one dance,2017-06-03,44
283,drake_one dance,2017-06-10,50
284,drake_one dance,2017-06-17,39
285,drake_one dance,2017-06-24,42
286,drake_one dance,2017-07-01,35
287,drake_one dance,2017-07-08,50
288,drake_one dance,2017-07-15,39
289,drake_one dance,2017-07-22,31
290,drake_one dance,2017-07-29,33
291,drake_one dance,2017-08-05,16
292,drake_one dance,2017-08-12,39
293,drake_one dance,2017-08-19,29
294,drake_one dance,2017-08-26,24
295,drake_one dance,2017-09-02,25
296,drake_one dance,2017-09-09,36
297,drake_one dance,2017-09-16,29
298,drake_one dance,2017-09-23,23
299,drake_one dance,2017-09-30,28
300,drake_one dance,2017-10-07,16
301,drake_one dance,2017-10-14,33
302,drake_one dance,2017-10-21,32
303,drake_one dance,2017-10-28,51
304,drake_one dance,2017-11-04,24
305,drake_one dance,2017-12-30,17
306,ed sheeran_shape of you,2017-01-07,21
307,ed sheeran_shape of you,2017-01-14,47
308,ed sheeran_shape of you,2017-01-21,58
309,ed sheeran_shape of you,2017-01-28,42
310,ed sheeran_shape of you,2017-02-04,38
311,ed sheeran_shape of you,2017-02-11,54
312,ed sheeran_shape of you,2017-02-18,91
313,ed sheeran_shape of you,2017-02-25,60
314,ed sheeran_shape of you,2017-03-04,78
315,ed sheeran_shape of you,2017-03-11,66
316,ed sheeran_shape of you,2017-03-18,95
317,ed sheeran_shape of you,2017-03-25,91
318,ed sheeran_shape of you,2017-04-01,47
319,ed sheeran_shape of you,2017-04-08,65
320,ed sheeran_shape of you,2017-04-15,66
321,ed sheeran_shape of you,2017-04-22,70
322,ed sheeran_shape of you,2017-04-29,64
323,ed sheeran_shape of you,2017-05-06,67
324,ed sheeran_shape of you,2017-05-13,75
325,ed sheeran_shape of you,2017-05-20,78
326,ed sheeran_shape of you,2017-05-27,80
327,ed sheeran_shape of you,2017-06-03,76
328,ed sheeran_shape of you,2017-06-10,55
329,ed sheeran_shape of you,2017-06-17,59
330,ed sheeran_shape of you,2017-06-24,64
331,ed sheeran_shape of you,2017-07-01,76
332,ed sheeran_shape of you,2017-07-08,66
333,ed sheeran_shape of you,2017-07-15,47
334,ed sheeran_shape of you,2017-07-22,55
335,ed sheeran_shape of you,2017-07-29,43
336,ed sheeran_shape of you,2017-08-05,33
337,ed sheeran_shape of you,2017-08-12,57
338,ed sheeran_shape of you,2017-08-19,37
339,ed sheeran_shape of you,2017-08-26,36
340,ed sheeran_shape of you,2017-09-02,28
341,ed sheeran_shape of you,2017-09-09,48
342,ed sheeran_shape of you,2017-09-16,61
343,ed sheeran_shape of you,2017-09-23,34
344,ed sheeran_shape of you,2017-09-30,33
345,ed sheeran_shape of you,2017-10-07,46
346,ed sheeran_shape of you,2017-10-14,56
347,ed sheeran_shape of you,2017-10-21,56
348,ed sheeran_shape of you,2017-10-28,84
349,ed sheeran_shape of you,2017-11-04,37
350,gotye_somebody that i used to know,2012-01-28,1
351,gotye_somebody that i used to know,2012-02-18,1
352,gotye_somebody that i used to know,2012-03-10,1
353,gotye_somebody that i used to know,2012-04-07,1
354,gotye_somebody that i used to know,2012-05-05,1
355,gotye_somebody that i used to know,2012-09-22,1
356,gotye_somebody that i used to know,2012-10-06,1
357,gotye_somebody that i used to know,2012-10-13,1
358,gotye_somebody that i used to know,2012-10-20,1
359,gotye_somebody that i used to know,2012-12-01,1
360,gotye_somebody that i used to know,2012-12-29,1
361,gotye_somebody that i used to know,2013-01-05,1
362,gotye_somebody that i used to know,2013-01-12,1
363,gotye_somebody that i used to know,2013-01-26,3
364,gotye_somebody that i used to know,2013-02-02,1
365,gotye_somebody that i used to know,2013-02-23,2
366,gotye_somebody that i used to know,2013-03-09,1
367,gotye_somebody that i used to know,2013-03-23,1
368,gotye_somebody that i used to know,2013-04-06,1
369,gotye_somebody that i used to know,2013-04-13,1
370,gotye_somebody that i used to know,2013-04-20,2
371,gotye_somebody that i used to know,2013-05-04,2
372,gotye_somebody that i used to know,2013-05-11,3
373,gotye_somebody that i used to know,2013-05-25,1
374,gotye_somebody that i used to know,2013-06-01,2
375,gotye_somebody that i used to know,2013-06-08,1
376,gotye_somebody that i used to know,2013-06-15,8
377,gotye_somebody that i used to know,2013-06-22,1
378,gotye_somebody that i used to know,2013-06-29,2
379,gotye_somebody that i used to know,2013-07-06,2
380,gotye_somebody that i used to know,2013-07-13,2
381,gotye_somebody that i used to know,2013-07-20,1
382,gotye_somebody that i used to know,2013-07-27,2
383,gotye_somebody that i used to know,2013-08-03,2
384,gotye_somebody that i used to know,2013-08-10,3
385,gotye_somebody that i used to know,2013-08-17,2
386,gotye_somebody that i used to know,2013-08-24,7
387,gotye_somebody that i used to know,2013-08-31,2
388,gotye_somebody that i used to know,2013-09-07,3
389,gotye_somebody that i used to know,2013-09-14,2
390,gotye_somebody that i used to know,2013-09-21,2
391,gotye_somebody that i used to know,2013-09-28,2
392,gotye_somebody that i used to know,2013-10-19,3
393,gotye_somebody that i used to know,2013-10-26,5
394,gotye_somebody that i used to know,2013-11-09,4
395,gotye_somebody that i used to know,2013-11-16,2
396,gotye_somebody that i used to know,2013-11-23,1
397,gotye_somebody that i used to know,2013-11-30,1
398,gotye_somebody that i used to know,2013-12-07,1
399,gotye_somebody that i used to know,2013-12-14,5
400,gotye_somebody that i used to know,2013-12-28,1
401,gotye_somebody that i used to know,2014-01-04,4
402,gotye_somebody that i used to know,2014-01-11,2
403,gotye_somebody that i used to know,2014-01-25,1
404,gotye_somebody that i used to know,2014-02-01,2
405,gotye_somebody that i used to know,2014-02-08,2
406,gotye_somebody that i used to know,2014-02-15,1
407,gotye_somebody that i used to know,2014-02-22,2
408,gotye_somebody that i used to know,2014-03-15,2
409,gotye_somebody that i used to know,2014-03-22,2
410,gotye_somebody that i used to know,2014-03-29,4
411,gotye_somebody that i used to know,2014-04-12,2
412,gotye_somebody that i used to know,2014-04-19,2
413,gotye_somebody that i used to know,2014-05-03,1
414,gotye_somebody that i used to know,2014-05-10,3
415,gotye_somebody that i used to know,2014-05-17,4
416,gotye_somebody that i used to know,2014-05-24,3
417,gotye_somebody that i used to know,2014-05-31,2
418,gotye_somebody that i used to know,2014-06-07,1
419,gotye_somebody that i used to know,2014-06-28,2
420,gotye_somebody that i used to know,2014-07-05,2
421,gotye_somebody that i used to know,2014-07-12,2
422,gotye_somebody that i used to know,2014-07-19,2
423,gotye_somebody that i used to know,2014-07-26,4
424,gotye_somebody that i used to know,2014-08-09,1
425,gotye_somebody that i used to know,2014-08-16,1
426,gotye_somebody that i used to know,2014-08-23,2
427,gotye_somebody that i used to know,2014-08-30,2
428,gotye_somebody that i used to know,2014-09-06,1
429,gotye_somebody that i used to know,2014-09-13,5
430,gotye_somebody that i used to know,2014-09-20,2
431,gotye_somebody that i used to know,2014-09-27,1
432,gotye_somebody that i used to know,2014-10-04,2
433,gotye_somebody that i used to know,2014-10-11,2
434,gotye_somebody that i used to know,2014-10-18,2
435,gotye_somebody that i used to know,2014-10-25,4
436,gotye_somebody that i used to know,2014-11-08,3
437,gotye_somebody that i used to know,2014-11-15,4
438,gotye_somebody that i used to know,2014-11-22,2
439,gotye_somebody that i used to know,2014-11-29,1
440,gotye_somebody that i used to know,2014-12-06,2
441,gotye_somebody that i used to know,2014-12-13,4
442,gotye_somebody that i used to know,2014-12-27,4
443,gotye_somebody that i used to know,2015-01-17,4
444,gotye_somebody that i used to know,2015-01-24,2
445,gotye_somebody that i used to know,2015-01-31,1
446,gotye_somebody that i used to know,2015-02-07,1
447,gotye_somebody that i used to know,2015-02-14,2
448,gotye_somebody that i used to know,2015-02-21,1
449,gotye_somebody that i used to know,2015-02-28,2
450,gotye_somebody that i used to know,2015-03-07,5
451,gotye_somebody that i used to know,2015-03-14,2
452,gotye_somebody that i used to know,2015-03-21,3
453,gotye_somebody that i used to know,2015-04-04,1
454,gotye_somebody that i used to know,2015-04-11,5
455,gotye_somebody that i used to know,2015-04-18,2
456,gotye_somebody that i used to know,2015-04-25,6
457,gotye_somebody that i used to know,2015-05-02,1
458,gotye_somebody that i used to know,2015-05-09,2
459,gotye_somebody that i used to know,2015-05-16,3
460,gotye_somebody that i used to know,2015-05-23,4
461,gotye_somebody that i used to know,2015-05-30,5
462,gotye_somebody that i used to know,2015-06-06,4
463,gotye_somebody that i used to know,2015-06-13,2
464,gotye_somebody that i used to know,2015-06-27,1
465,gotye_somebody that i used to know,2015-07-04,4
466,gotye_somebody that i used to know,2015-07-11,3
467,gotye_somebody that i used to know,2015-07-18,3
468,gotye_somebody that i used to know,2015-07-25,4
469,gotye_somebody that i used to know,2015-08-01,5
470,gotye_somebody that i used to know,2015-08-08,3
471,gotye_somebody that i used to know,2015-08-15,2
472,gotye_somebody that i used to know,2015-08-29,2
473,gotye_somebody that i used to know,2015-09-05,1
474,gotye_somebody that i used to know,2015-09-19,2
475,gotye_somebody that i used to know,2015-09-26,3
476,gotye_somebody that i used to know,2015-10-03,1
477,gotye_somebody that i used to know,2015-10-10,5
478,gotye_somebody that i used to know,2015-10-17,4
479,gotye_somebody that i used to know,2015-10-24,3
480,gotye_somebody that i used to know,2015-10-31,4
481,gotye_somebody that i used to know,2015-11-07,1
482,gotye_somebody that i used to know,2015-11-14,3
483,gotye_somebody that i used to know,2015-11-21,4
484,gotye_somebody that i used to know,2015-11-28,1
485,gotye_somebody that i used to know,2015-12-05,2
486,gotye_somebody that i used to know,2015-12-12,6
487,gotye_somebody that i used to know,2015-12-19,3
488,gotye_somebody that i used to know,2015-12-26,3
489,gotye_somebody that i used to know,2016-01-09,2
490,gotye_somebody that i used to know,2016-01-16,6
491,gotye_somebody that i used to know,2016-01-23,2
492,gotye_somebody that i used to know,2016-01-30,2
493,gotye_somebody that i used to know,2016-02-06,2
494,gotye_somebody that i used to know,2016-02-20,3
495,gotye_somebody that i used to know,2016-02-27,2
496,gotye_somebody that i used to know,2016-03-05,1
497,gotye_somebody that i used to know,2016-03-12,3
498,gotye_somebody that i used to know,2016-03-19,8
499,gotye_somebody that i used to know,2016-03-26,7
500,gotye_somebody that i used to know,2016-04-02,3
501,gotye_somebody that i used to know,2016-04-09,1
502,gotye_somebody that i used to know,2016-04-16,2
503,gotye_somebody that i used to know,2016-04-23,4
504,gotye_somebody that i used to know,2016-04-30,5
505,gotye_somebody that i used to know,2016-05-07,3
506,gotye_somebody that i used to know,2016-05-14,3
507,gotye_somebody that i used to know,2016-05-21,5
508,gotye_somebody that i used to know,2016-05-28,6
509,gotye_somebody that i used to know,2016-06-04,6
510,gotye_somebody that i used to know,2016-06-11,4
511,gotye_somebody that i used to know,2016-06-18,4
512,gotye_somebody that i used to know,2016-06-25,5
513,gotye_somebody that i used to know,2016-07-02,9
514,gotye_somebody that i used to know,2016-07-09,6
515,gotye_somebody that i used to know,2016-07-16,15
516,gotye_somebody that i used to know,2016-07-23,8
517,gotye_somebody that i used to know,2016-07-30,4
518,gotye_somebody that i used to know,2016-08-06,36
519,gotye_somebody that i used to know,2016-08-13,14
520,gotye_somebody that i used to know,2016-08-20,5
521,gotye_somebody that i used to know,2016-08-27,6
522,gotye_somebody that i used to know,2016-09-03,6
523,gotye_somebody that i used to know,2016-09-10,2
524,gotye_somebody that i used to know,2016-09-17,4
525,gotye_somebody that i used to know,2016-09-24,3
526,gotye_somebody that i used to know,2016-10-01,3
527,gotye_somebody that i used to know,2016-10-08,5
528,gotye_somebody that i used to know,2016-10-15,1
529,gotye_somebody that i used to know,2016-10-22,6
530,gotye_somebody that i used to know,2016-10-29,3
531,gotye_somebody that i used to know,2016-11-05,7
532,gotye_somebody that i used to know,2016-11-12,10
533,gotye_somebody that i used to know,2016-11-19,5
534,gotye_somebody that i used to know,2016-11-26,5
535,gotye_somebody that i used to know,2016-12-03,7
536,gotye_somebody that i used to know,2016-12-10,4
537,gotye_somebody that i used to know,2016-12-17,6
538,gotye_somebody that i used to know,2016-12-24,5
539,gotye_somebody that i used to know,2016-12-31,10
540,gotye_somebody that i used to know,2017-01-07,12
541,gotye_somebody that i used to know,2017-01-14,15
542,gotye_somebody that i used to know,2017-01-21,10
543,gotye_somebody that i used to know,2017-01-28,11
544,gotye_somebody that i used to know,2017-02-04,8
545,gotye_somebody that i used to know,2017-02-11,7
546,gotye_somebody that i used to know,2017-02-18,10
547,gotye_somebody that i used to know,2017-02-25,6
548,gotye_somebody that i used to know,2017-03-04,10
549,gotye_somebody that i used to know,2017-03-11,7
550,gotye_somebody that i used to know,2017-03-18,10
551,gotye_somebody that i used to know,2017-03-25,6
552,gotye_somebody that i used to know,2017-04-01,13
553,gotye_somebody that i used to know,2017-04-08,6
554,gotye_somebody that i used to know,2017-04-15,6
555,gotye_somebody that i used to know,2017-04-22,12
556,gotye_somebody that i used to know,2017-04-29,11
557,gotye_somebody that i used to know,2017-05-06,6
558,gotye_somebody that i used to know,2017-05-13,9
559,gotye_somebody that i used to know,2017-05-20,9
560,gotye_somebody that i used to know,2017-05-27,8
561,gotye_somebody that i used to know,2017-06-03,6
562,gotye_somebody that i used to know,2017-06-10,4
563,gotye_somebody that i used to know,2017-06-17,10
564,gotye_somebody that i used to know,2017-06-24,8
565,gotye_somebody that i used to know,2017-07-01,20
566,gotye_somebody that i used to know,2017-07-08,14
567,gotye_somebody that i used to know,2017-07-15,8
568,gotye_somebody that i used to know,2017-07-22,9
569,gotye_somebody that i used to know,2017-07-29,8
570,gotye_somebody that i used to know,2017-08-05,5
571,gotye_somebody that i used to know,2017-08-12,6
572,gotye_somebody that i used to know,2017-08-19,11
573,gotye_somebody that i used to know,2017-08-26,7
574,gotye_somebody that i used to know,2017-09-02,9
575,gotye_somebody that i used to know,2017-09-09,13
576,gotye_somebody that i used to know,2017-09-16,5
577,gotye_somebody that i used to know,2017-09-23,4
578,gotye_somebody that i used to know,2017-09-30,9
579,gotye_somebody that i used to know,2017-10-07,9
580,gotye_somebody that i used to know,2017-10-14,14
581,gotye_somebody that i used to know,2017-10-21,18
582,gotye_somebody that i used to know,2017-10-28,13
583,gotye_somebody that i used to know,2017-11-04,9
584,john legend_all of me,2013-08-24,1
585,john legend_all of me,2013-08-31,1
586,john legend_all of me,2013-09-07,1
587,john legend_all of me,2013-09-14,1
588,john legend_all of me,2013-10-12,1
589,john legend_all of me,2013-10-19,2
590,john legend_all of me,2013-11-02,1
591,john legend_all of me,2013-11-09,2
592,john legend_all of me,2013-11-16,1
593,john legend_all of me,2013-11-23,1
594,john legend_all of me,2013-11-30,2
595,john legend_all of me,2013-12-14,1
596,john legend_all of me,2013-12-21,3
597,john legend_all of me,2013-12-28,5
598,john legend_all of me,2014-01-04,8
599,john legend_all of me,2014-01-11,1
600,john legend_all of me,2014-01-25,2
601,john legend_all of me,2014-02-01,7
602,john legend_all of me,2014-02-08,5
603,john legend_all of me,2014-02-15,4
604,john legend_all of me,2014-02-22,3
605,john legend_all of me,2014-03-01,6
606,john legend_all of me,2014-03-08,2
607,john legend_all of me,2014-03-15,9
608,john legend_all of me,2014-03-22,4
609,john legend_all of me,2014-03-29,11
610,john legend_all of me,2014-04-05,8
611,john legend_all of me,2014-04-12,7
612,john legend_all of me,2014-04-19,4
613,john legend_all of me,2014-04-26,6
614,john legend_all of me,2014-05-03,15
615,john legend_all of me,2014-05-10,11
616,john legend_all of me,2014-05-17,13
617,john legend_all of me,2014-05-24,7
618,john legend_all of me,2014-05-31,9
619,john legend_all of me,2014-06-07,10
620,john legend_all of me,2014-06-14,5
621,john legend_all of me,2014-06-21,7
622,john legend_all of me,2014-06-28,14
623,john legend_all of me,2014-07-05,10
624,john legend_all of me,2014-07-12,9
625,john legend_all of me,2014-07-19,13
626,john legend_all of me,2014-07-26,7
627,john legend_all of me,2014-08-02,11
628,john legend_all of me,2014-08-09,10
629,john legend_all of me,2014-08-16,13
630,john legend_all of me,2014-08-23,6
631,john legend_all of me,2014-08-30,6
632,john legend_all of me,2014-09-06,7
633,john legend_all of me,2014-09-13,9
634,john legend_all of me,2014-09-20,15
635,john legend_all of me,2014-09-27,5
636,john legend_all of me,2014-10-04,3
637,john legend_all of me,2014-10-11,3
638,john legend_all of me,2014-10-18,6
639,john legend_all of me,2014-10-25,5
640,john legend_all of me,2014-11-01,4
641,john legend_all of me,2014-11-08,3
642,john legend_all of me,2014-11-15,9
643,john legend_all of me,2014-11-22,6
644,john legend_all of me,2014-11-29,6
645,john legend_all of me,2014-12-06,6
646,john legend_all of me,2014-12-13,11
647,john legend_all of me,2014-12-20,7
648,john legend_all of me,2014-12-27,8
649,john legend_all of me,2015-01-03,6
650,john legend_all of me,2015-01-10,3
651,john legend_all of me,2015-01-17,9
652,john legend_all of me,2015-01-24,3
653,john legend_all of me,2015-01-31,9
654,john legend_all of me,2015-02-07,9
655,john legend_all of me,2015-02-14,18
656,john legend_all of me,2015-02-21,9
657,john legend_all of me,2015-02-28,4
658,john legend_all of me,2015-03-07,11
659,john legend_all of me,2015-03-14,5
660,john legend_all of me,2015-03-21,8
661,john legend_all of me,2015-03-28,7
662,john legend_all of me,2015-04-04,7
663,john legend_all of me,2015-04-11,10
664,john legend_all of me,2015-04-18,16
665,john legend_all of me,2015-04-25,10
666,john legend_all of me,2015-05-02,13
667,john legend_all of me,2015-05-09,8
668,john legend_all of me,2015-05-16,7
669,john legend_all of me,2015-05-23,6
670,john legend_all of me,2015-05-30,9
671,john legend_all of me,2015-06-06,13
672,john legend_all of me,2015-06-13,10
673,john legend_all of me,2015-06-20,6
674,john legend_all of me,2015-06-27,7
675,john legend_all of me,2015-07-04,7
676,john legend_all of me,2015-07-11,8
677,john legend_all of me,2015-07-18,8
678,john legend_all of me,2015-07-25,8
679,john legend_all of me,2015-08-01,9
680,john legend_all of me,2015-08-08,10
681,john legend_all of me,2015-08-15,8
682,john legend_all of me,2015-08-22,13
683,john legend_all of me,2015-08-29,8
684,john legend_all of me,2015-09-05,4
685,john legend_all of me,2015-09-12,6
686,john legend_all of me,2015-09-19,10
687,john legend_all of me,2015-09-26,14
688,john legend_all of me,2015-10-03,7
689,john legend_all of me,2015-10-10,6
690,john legend_all of me,2015-10-17,7
691,john legend_all of me,2015-10-24,7
692,john legend_all of me,2015-10-31,10
693,john legend_all of me,2015-11-07,10
694,john legend_all of me,2015-11-14,13
695,john legend_all of me,2015-11-21,13
696,john legend_all of me,2015-11-28,9
697,john legend_all of me,2015-12-05,6
698,john legend_all of me,2015-12-12,10
699,john legend_all of me,2015-12-19,7
700,john legend_all of me,2015-12-26,4
701,john legend_all of me,2016-01-02,2
702,john legend_all of me,2016-01-09,8
703,john legend_all of me,2016-01-16,8
704,john legend_all of me,2016-01-23,8
705,john legend_all of me,2016-01-30,8
706,john legend_all of me,2016-02-06,10
707,john legend_all of me,2016-02-13,24
708,john legend_all of me,2016-02-20,9
709,john legend_all of me,2016-02-27,10
710,john legend_all of me,2016-03-05,8
711,john legend_all of me,2016-03-12,3
712,john legend_all of me,2016-03-19,10
713,john legend_all of me,2016-03-26,7
714,john legend_all of me,2016-04-02,9
715,john legend_all of me,2016-04-09,10
716,john legend_all of me,2016-04-16,15
717,john legend_all of me,2016-04-23,8
718,john legend_all of me,2016-04-30,5
719,john legend_all of me,2016-05-07,7
720,john legend_all of me,2016-05-14,9
721,john legend_all of me,2016-05-21,19
722,john legend_all of me,2016-05-28,12
723,john legend_all of me,2016-06-04,12
724,john legend_all of me,2016-06-11,15
725,john legend_all of me,2016-06-18,3
726,john legend_all of me,2016-06-25,9
727,john legend_all of me,2016-07-02,15
728,john legend_all of me,2016-07-09,12
729,john legend_all of me,2016-07-16,8
730,john legend_all of me,2016-07-23,15
731,john legend_all of me,2016-07-30,10
732,john legend_all of me,2016-08-06,14
733,john legend_all of me,2016-08-13,14
734,john legend_all of me,2016-08-20,16
735,john legend_all of me,2016-08-27,7
736,john legend_all of me,2016-09-03,9
737,john legend_all of me,2016-09-10,13
738,john legend_all of me,2016-09-17,11
739,john legend_all of me,2016-09-24,15
740,john legend_all of me,2016-10-01,11
741,john legend_all of me,2016-10-08,8
742,john legend_all of me,2016-10-15,11
743,john legend_all of me,2016-10-22,10
744,john legend_all of me,2016-10-29,7
745,john legend_all of me,2016-11-05,4
746,john legend_all of me,2016-11-12,11
747,john legend_all of me,2016-11-19,10
748,john legend_all of me,2016-11-26,7
749,john legend_all of me,2016-12-03,11
750,john legend_all of me,2016-12-10,14
751,john legend_all of me,2016-12-17,16
752,john legend_all of me,2016-12-24,9
753,john legend_all of me,2016-12-31,11
754,john legend_all of me,2017-01-07,12
755,john legend_all of me,2017-01-14,15
756,john legend_all of me,2017-01-21,17
757,john legend_all of me,2017-01-28,13
758,john legend_all of me,2017-02-04,14
759,john legend_all of me,2017-02-11,19
760,john legend_all of me,2017-02-18,25
761,john legend_all of me,2017-02-25,10
762,john legend_all of me,2017-03-04,9
763,john legend_all of me,2017-03-11,19
764,john legend_all of me,2017-03-18,8
765,john legend_all of me,2017-03-25,18
766,john legend_all of me,2017-04-01,11
767,john legend_all of me,2017-04-08,11
768,john legend_all of me,2017-04-15,16
769,john legend_all of me,2017-04-22,12
770,john legend_all of me,2017-04-29,15
771,john legend_all of me,2017-05-06,9
772,john legend_all of me,2017-05-13,17
773,john legend_all of me,2017-05-20,20
774,john legend_all of me,2017-05-27,18
775,john legend_all of me,2017-06-03,15
776,john legend_all of me,2017-06-10,21
777,john legend_all of me,2017-06-17,19
778,john legend_all of me,2017-06-24,25
779,john legend_all of me,2017-07-01,26
780,john legend_all of me,2017-07-08,29
781,john legend_all of me,2017-07-15,17
782,john legend_all of me,2017-07-22,14
783,john legend_all of me,2017-07-29,21
784,john legend_all of me,2017-08-05,18
785,john legend_all of me,2017-08-12,14
786,john legend_all of me,2017-08-19,23
787,john legend_all of me,2017-08-26,15
788,john legend_all of me,2017-09-02,18
789,john legend_all of me,2017-09-09,17
790,john legend_all of me,2017-09-16,19
791,john legend_all of me,2017-09-23,29
792,john legend_all of me,2017-09-30,23
793,john legend_all of me,2017-10-07,30
794,john legend_all of me,2017-10-14,40
795,john legend_all of me,2017-10-21,48
796,john legend_all of me,2017-10-28,53
797,john legend_all of me,2017-11-04,24
798,justin bieber_sorry,2015-10-24,8
799,justin bieber_sorry,2015-10-31,47
800,justin bieber_sorry,2015-11-07,30
801,justin bieber_sorry,2015-11-14,44
802,justin bieber_sorry,2015-11-21,54
803,justin bieber_sorry,2015-11-28,53
804,justin bieber_sorry,2015-12-05,45
805,justin bieber_sorry,2015-12-12,63
806,justin bieber_sorry,2015-12-19,61
807,justin bieber_sorry,2015-12-26,53
808,justin bieber_sorry,2016-01-02,36
809,justin bieber_sorry,2016-01-09,49
810,justin bieber_sorry,2016-01-16,41
811,justin bieber_sorry,2016-01-23,32
812,justin bieber_sorry,2016-01-30,37
813,justin bieber_sorry,2016-02-06,31
814,justin bieber_sorry,2016-02-13,35
815,justin bieber_sorry,2016-02-20,37
816,justin bieber_sorry,2016-02-27,23
817,justin bieber_sorry,2016-03-05,34
818,justin bieber_sorry,2016-03-12,28
819,justin bieber_sorry,2016-03-19,37
820,justin bieber_sorry,2016-03-26,29
821,justin bieber_sorry,2016-04-02,30
822,justin bieber_sorry,2016-04-09,28
823,justin bieber_sorry,2016-04-16,31
824,justin bieber_sorry,2016-04-23,28
825,justin bieber_sorry,2016-04-30,24
826,justin bieber_sorry,2016-05-07,40
827,justin bieber_sorry,2016-05-14,20
828,justin bieber_sorry,2016-05-21,28
829,justin bieber_sorry,2016-05-28,32
830,justin bieber_sorry,2016-06-04,37
831,justin bieber_sorry,2016-06-11,28
832,justin bieber_sorry,2016-06-18,33
833,justin bieber_sorry,2016-06-25,39
834,justin bieber_sorry,2016-07-02,33
835,justin bieber_sorry,2016-07-09,29
836,justin bieber_sorry,2016-07-16,22
837,justin bieber_sorry,2016-07-23,24
838,justin bieber_sorry,2016-07-30,23
839,justin bieber_sorry,2016-08-06,19
840,justin bieber_sorry,2016-08-13,23
841,justin bieber_sorry,2016-08-20,18
842,justin bieber_sorry,2016-08-27,19
843,justin bieber_sorry,2016-09-03,20
844,justin bieber_sorry,2016-09-10,22
845,justin bieber_sorry,2016-09-17,17
846,justin bieber_sorry,2016-09-24,11
847,justin bieber_sorry,2016-10-01,14
848,justin bieber_sorry,2016-10-08,13
849,justin bieber_sorry,2016-10-15,20
850,justin bieber_sorry,2016-10-22,16
851,justin bieber_sorry,2016-10-29,18
852,justin bieber_sorry,2016-11-05,19
853,justin bieber_sorry,2016-11-12,17
854,justin bieber_sorry,2016-11-19,18
855,justin bieber_sorry,2016-11-26,19
856,justin bieber_sorry,2016-12-03,14
857,justin bieber_sorry,2016-12-10,19
858,justin bieber_sorry,2016-12-17,26
859,justin bieber_sorry,2016-12-24,20
860,justin bieber_sorry,2016-12-31,33
861,justin bieber_sorry,2017-01-07,23
862,justin bieber_sorry,2017-01-14,18
863,justin bieber_sorry,2017-01-21,13
864,justin bieber_sorry,2017-01-28,16
865,justin bieber_sorry,2017-02-04,12
866,justin bieber_sorry,2017-02-11,16
867,justin bieber_sorry,2017-02-18,10
868,justin bieber_sorry,2017-02-25,18
869,justin bieber_sorry,2017-03-04,17
870,justin bieber_sorry,2017-03-11,20
871,justin bieber_sorry,2017-03-18,19
872,justin bieber_sorry,2017-03-25,12
873,justin bieber_sorry,2017-04-01,18
874,justin bieber_sorry,2017-04-08,17
875,justin bieber_sorry,2017-04-15,9
876,justin bieber_sorry,2017-04-22,15
877,justin bieber_sorry,2017-04-29,14
878,justin bieber_sorry,2017-05-06,16
879,justin bieber_sorry,2017-05-13,15
880,justin bieber_sorry,2017-05-20,19
881,justin bieber_sorry,2017-05-27,26
882,justin bieber_sorry,2017-06-03,31
883,justin bieber_sorry,2017-06-10,19
884,justin bieber_sorry,2017-06-17,19
885,justin bieber_sorry,2017-06-24,32
886,justin bieber_sorry,2017-07-01,23
887,justin bieber_sorry,2017-07-08,26
888,justin bieber_sorry,2017-07-15,10
889,justin bieber_sorry,2017-07-22,18
890,justin bieber_sorry,2017-07-29,18
891,justin bieber_sorry,2017-08-05,9
892,justin bieber_sorry,2017-08-12,20
893,justin bieber_sorry,2017-08-19,15
894,justin bieber_sorry,2017-08-26,18
895,justin bieber_sorry,2017-09-02,16
896,justin bieber_sorry,2017-09-09,19
897,justin bieber_sorry,2017-09-16,16
898,justin bieber_sorry,2017-09-23,12
899,justin bieber_sorry,2017-09-30,6
900,justin bieber_sorry,2017-10-07,19
901,justin bieber_sorry,2017-10-14,27
902,justin bieber_sorry,2017-10-21,23
903,justin bieber_sorry,2017-10-28,27
904,justin bieber_sorry,2017-11-04,14
905,justin bieber_sorry,2017-12-30,6
906,justin timberlake_can't stop the feeling!,2016-05-07,8
907,justin timberlake_can't stop the feeling!,2016-05-14,22
908,justin timberlake_can't stop the feeling!,2016-05-21,31
909,justin timberlake_can't stop the feeling!,2016-05-28,42
910,justin timberlake_can't stop the feeling!,2016-06-04,57
911,justin timberlake_can't stop the feeling!,2016-06-11,53
912,justin timberlake_can't stop the feeling!,2016-06-18,65
913,justin timberlake_can't stop the feeling!,2016-06-25,54
914,justin timberlake_can't stop the feeling!,2016-07-02,51
915,justin timberlake_can't stop the feeling!,2016-07-09,63
916,justin timberlake_can't stop the feeling!,2016-07-16,38
917,justin timberlake_can't stop the feeling!,2016-07-23,35
918,justin timberlake_can't stop the feeling!,2016-07-30,43
919,justin timberlake_can't stop the feeling!,2016-08-06,39
920,justin timberlake_can't stop the feeling!,2016-08-13,40
921,justin timberlake_can't stop the feeling!,2016-08-20,40
922,justin timberlake_can't stop the feeling!,2016-08-27,37
923,justin timberlake_can't stop the feeling!,2016-09-03,32
924,justin timberlake_can't stop the feeling!,2016-09-10,29
925,justin timberlake_can't stop the feeling!,2016-09-17,26
926,justin timberlake_can't stop the feeling!,2016-09-24,21
927,justin timberlake_can't stop the feeling!,2016-10-01,27
928,justin timberlake_can't stop the feeling!,2016-10-08,19
929,justin timberlake_can't stop the feeling!,2016-10-15,17
930,justin timberlake_can't stop the feeling!,2016-10-22,16
931,justin timberlake_can't stop the feeling!,2016-10-29,26
932,justin timberlake_can't stop the feeling!,2016-11-05,15
933,justin timberlake_can't stop the feeling!,2016-11-12,10
934,justin timberlake_can't stop the feeling!,2016-11-19,26
935,justin timberlake_can't stop the feeling!,2016-11-26,26
936,justin timberlake_can't stop the feeling!,2016-12-03,20
937,justin timberlake_can't stop the feeling!,2016-12-10,17
938,justin timberlake_can't stop the feeling!,2016-12-17,11
939,justin timberlake_can't stop the feeling!,2016-12-24,19
940,justin timberlake_can't stop the feeling!,2016-12-31,35
941,justin timberlake_can't stop the feeling!,2017-01-07,31
942,justin timberlake_can't stop the feeling!,2017-01-14,22
943,justin timberlake_can't stop the feeling!,2017-01-21,17
944,justin timberlake_can't stop the feeling!,2017-01-28,27
945,justin timberlake_can't stop the feeling!,2017-02-04,21
946,justin timberlake_can't stop the feeling!,2017-02-11,19
947,justin timberlake_can't stop the feeling!,2017-02-18,19
948,justin timberlake_can't stop the feeling!,2017-02-25,21
949,justin timberlake_can't stop the feeling!,2017-03-04,25
950,justin timberlake_can't stop the feeling!,2017-03-11,20
951,justin timberlake_can't stop the feeling!,2017-03-18,30
952,justin timberlake_can't stop the feeling!,2017-03-25,23
953,justin timberlake_can't stop the feeling!,2017-04-01,21
954,justin timberlake_can't stop the feeling!,2017-04-08,18
955,justin timberlake_can't stop the feeling!,2017-04-15,26
956,justin timberlake_can't stop the feeling!,2017-04-22,14
957,justin timberlake_can't stop the feeling!,2017-04-29,21
958,justin timberlake_can't stop the feeling!,2017-05-06,22
959,justin timberlake_can't stop the feeling!,2017-05-13,29
960,justin timberlake_can't stop the feeling!,2017-05-20,26
961,justin timberlake_can't stop the feeling!,2017-05-27,39
962,justin timberlake_can't stop the feeling!,2017-06-03,31
963,justin timberlake_can't stop the feeling!,2017-06-10,30
964,justin timberlake_can't stop the feeling!,2017-06-17,30
965,justin timberlake_can't stop the feeling!,2017-06-24,38
966,justin timberlake_can't stop the feeling!,2017-07-01,42
967,justin timberlake_can't stop the feeling!,2017-07-08,44
968,justin timberlake_can't stop the feeling!,2017-07-15,22
969,justin timberlake_can't stop the feeling!,2017-07-22,29
970,justin timberlake_can't stop the feeling!,2017-07-29,27
971,justin timberlake_can't stop the feeling!,2017-08-05,16
972,justin timberlake_can't stop the feeling!,2017-08-12,37
973,justin timberlake_can't stop the feeling!,2017-08-19,34
974,justin timberlake_can't stop the feeling!,2017-08-26,27
975,justin timberlake_can't stop the feeling!,2017-09-02,24
976,justin timberlake_can't stop the feeling!,2017-09-09,22
977,justin timberlake_can't stop the feeling!,2017-09-16,30
978,justin timberlake_can't stop the feeling!,2017-09-23,22
979,justin timberlake_can't stop the feeling!,2017-09-30,20
980,justin timberlake_can't stop the feeling!,2017-10-07,24
981,justin timberlake_can't stop the feeling!,2017-10-14,26
982,justin timberlake_can't stop the feeling!,2017-10-21,22
983,justin timberlake_can't stop the feeling!,2017-10-28,32
984,justin timberlake_can't stop the feeling!,2017-11-04,21
985,justin timberlake_can't stop the feeling!,2017-12-30,13
986,katy perry_dark horse,2013-01-05,8
987,katy perry_dark horse,2013-11-02,3
988,katy perry_dark horse,2013-11-09,2
989,katy perry_dark horse,2013-11-16,3
990,katy perry_dark horse,2013-11-23,3
991,katy perry_dark horse,2013-11-30,3
992,katy perry_dark horse,2013-12-07,2
993,katy perry_dark horse,2013-12-14,5
994,katy perry_dark horse,2013-12-21,3
995,katy perry_dark horse,2013-12-28,3
996,katy perry_dark horse,2014-01-04,11
997,katy perry_dark horse,2014-01-11,6
998,katy perry_dark horse,2014-01-18,3
999,katy perry_dark horse,2014-01-25,3
1000,katy perry_dark horse,2014-02-01,8
1001,katy perry_dark horse,2014-02-08,17
1002,katy perry_dark horse,2014-02-15,6
1003,katy perry_dark horse,2014-02-22,11
1004,katy perry_dark horse,2014-03-01,13
1005,katy perry_dark horse,2014-03-08,7
1006,katy perry_dark horse,2014-03-15,5
1007,katy perry_dark horse,2014-03-22,4
1008,katy perry_dark horse,2014-03-29,12
1009,katy perry_dark horse,2014-04-05,4
1010,katy perry_dark horse,2014-04-12,6
1011,katy perry_dark horse,2014-04-19,13
1012,katy perry_dark horse,2014-04-26,9
1013,katy perry_dark horse,2014-05-03,9
1014,katy perry_dark horse,2014-05-10,6
1015,katy perry_dark horse,2014-05-17,7
1016,katy perry_dark horse,2014-05-24,9
1017,katy perry_dark horse,2014-05-31,6
1018,katy perry_dark horse,2014-06-07,8
1019,katy perry_dark horse,2014-06-14,8
1020,katy perry_dark horse,2014-06-21,7
1021,katy perry_dark horse,2014-06-28,10
1022,katy perry_dark horse,2014-07-05,6
1023,katy perry_dark horse,2014-07-12,5
1024,katy perry_dark horse,2014-07-19,3
1025,katy perry_dark horse,2014-07-26,9
1026,katy perry_dark horse,2014-08-02,6
1027,katy perry_dark horse,2014-08-09,6
1028,katy perry_dark horse,2014-08-16,5
1029,katy perry_dark horse,2014-08-23,6
1030,katy perry_dark horse,2014-08-30,3
1031,katy perry_dark horse,2014-09-06,3
1032,katy perry_dark horse,2014-09-13,8
1033,katy perry_dark horse,2014-09-20,6
1034,katy perry_dark horse,2014-09-27,11
1035,katy perry_dark horse,2014-10-11,2
1036,katy perry_dark horse,2014-10-18,4
1037,katy perry_dark horse,2014-10-25,1
1038,katy perry_dark horse,2014-11-01,6
1039,katy perry_dark horse,2014-11-08,3
1040,katy perry_dark horse,2014-11-15,3
1041,katy perry_dark horse,2014-11-22,2
1042,katy perry_dark horse,2014-11-29,4
1043,katy perry_dark horse,2014-12-06,6
1044,katy perry_dark horse,2014-12-13,7
1045,katy perry_dark horse,2014-12-20,9
1046,katy perry_dark horse,2014-12-27,5
1047,katy perry_dark horse,2015-01-10,2
1048,katy perry_dark horse,2015-01-17,5
1049,katy perry_dark horse,2015-01-24,4
1050,katy perry_dark horse,2015-01-31,4
1051,katy perry_dark horse,2015-02-07,6
1052,katy perry_dark horse,2015-02-14,6
1053,katy perry_dark horse,2015-02-21,1
1054,katy perry_dark horse,2015-02-28,13
1055,katy perry_dark horse,2015-03-07,5
1056,katy perry_dark horse,2015-03-14,5
1057,katy perry_dark horse,2015-03-21,1
1058,katy perry_dark horse,2015-03-28,4
1059,katy perry_dark horse,2015-04-04,6
1060,katy perry_dark horse,2015-04-11,9
1061,katy perry_dark horse,2015-04-18,5
1062,katy perry_dark horse,2015-04-25,3
1063,katy perry_dark horse,2015-05-02,4
1064,katy perry_dark horse,2015-05-09,5
1065,katy perry_dark horse,2015-05-16,10
1066,katy perry_dark horse,2015-05-23,5
1067,katy perry_dark horse,2015-05-30,6
1068,katy perry_dark horse,2015-06-06,5
1069,katy perry_dark horse,2015-06-13,9
1070,katy perry_dark horse,2015-06-20,6
1071,katy perry_dark horse,2015-06-27,7
1072,katy perry_dark horse,2015-07-04,3
1073,katy perry_dark horse,2015-07-11,6
1074,katy perry_dark horse,2015-07-18,4
1075,katy perry_dark horse,2015-07-25,6
1076,katy perry_dark horse,2015-08-01,1
1077,katy perry_dark horse,2015-08-08,2
1078,katy perry_dark horse,2015-08-15,2
1079,katy perry_dark horse,2015-08-22,4
1080,katy perry_dark horse,2015-08-29,1
1081,katy perry_dark horse,2015-09-05,8
1082,katy perry_dark horse,2015-09-12,4
1083,katy perry_dark horse,2015-09-19,2
1084,katy perry_dark horse,2015-09-26,5
1085,katy perry_dark horse,2015-10-03,1
1086,katy perry_dark horse,2015-10-10,3
1087,katy perry_dark horse,2015-10-17,4
1088,katy perry_dark horse,2015-10-24,3
1089,katy perry_dark horse,2015-10-31,8
1090,katy perry_dark horse,2015-11-07,3
1091,katy perry_dark horse,2015-11-14,1
1092,katy perry_dark horse,2015-11-21,3
1093,katy perry_dark horse,2015-11-28,3
1094,katy perry_dark horse,2015-12-05,7
1095,katy perry_dark horse,2015-12-12,6
1096,katy perry_dark horse,2015-12-19,4
1097,katy perry_dark horse,2015-12-26,3
1098,katy perry_dark horse,2016-01-02,2
1099,katy perry_dark horse,2016-01-09,4
1100,katy perry_dark horse,2016-01-16,2
1101,katy perry_dark horse,2016-01-23,2
1102,katy perry_dark horse,2016-01-30,5
1103,katy perry_dark horse,2016-02-06,5
1104,katy perry_dark horse,2016-02-13,3
1105,katy perry_dark horse,2016-02-20,3
1106,katy perry_dark horse,2016-02-27,6
1107,katy perry_dark horse,2016-03-05,5
1108,katy perry_dark horse,2016-03-12,6
1109,katy perry_dark horse,2016-03-19,9
1110,katy perry_dark horse,2016-03-26,3
1111,katy perry_dark horse,2016-04-02,6
1112,katy perry_dark horse,2016-04-09,2
1113,katy perry_dark horse,2016-04-16,5
1114,katy perry_dark horse,2016-04-23,6
1115,katy perry_dark horse,2016-04-30,2
1116,katy perry_dark horse,2016-05-07,8
1117,katy perry_dark horse,2016-05-14,4
1118,katy perry_dark horse,2016-05-21,3
1119,katy perry_dark horse,2016-05-28,3
1120,katy perry_dark horse,2016-06-04,13
1121,katy perry_dark horse,2016-06-11,4
1122,katy perry_dark horse,2016-06-18,6
1123,katy perry_dark horse,2016-06-25,4
1124,katy perry_dark horse,2016-07-02,7
1125,katy perry_dark horse,2016-07-09,9
1126,katy perry_dark horse,2016-07-16,4
1127,katy perry_dark horse,2016-07-23,5
1128,katy perry_dark horse,2016-07-30,5
1129,katy perry_dark horse,2016-08-06,4
1130,katy perry_dark horse,2016-08-13,5
1131,katy perry_dark horse,2016-08-20,4
1132,katy perry_dark horse,2016-08-27,5
1133,katy perry_dark horse,2016-09-03,6
1134,katy perry_dark horse,2016-09-10,5
1135,katy perry_dark horse,2016-09-17,4
1136,katy perry_dark horse,2016-09-24,4
1137,katy perry_dark horse,2016-10-01,5
1138,katy perry_dark horse,2016-10-08,3
1139,katy perry_dark horse,2016-10-15,7
1140,katy perry_dark horse,2016-10-22,9
1141,katy perry_dark horse,2016-10-29,6
1142,katy perry_dark horse,2016-11-05,7
1143,katy perry_dark horse,2016-11-12,3
1144,katy perry_dark horse,2016-11-19,6
1145,katy perry_dark horse,2016-11-26,5
1146,katy perry_dark horse,2016-12-03,1
1147,katy perry_dark horse,2016-12-10,4
1148,katy perry_dark horse,2016-12-17,6
1149,katy perry_dark horse,2016-12-24,6
1150,katy perry_dark horse,2016-12-31,4
1151,katy perry_dark horse,2017-01-07,4
1152,katy perry_dark horse,2017-01-14,4
1153,katy perry_dark horse,2017-01-21,4
1154,katy perry_dark horse,2017-01-28,5
1155,katy perry_dark horse,2017-02-04,5
1156,katy perry_dark horse,2017-02-11,8
1157,katy perry_dark horse,2017-02-18,6
1158,katy perry_dark horse,2017-02-25,9
1159,katy perry_dark horse,2017-03-04,7
1160,katy perry_dark horse,2017-03-11,10
1161,katy perry_dark horse,2017-03-18,5
1162,katy perry_dark horse,2017-03-25,6
1163,katy perry_dark horse,2017-04-01,7
1164,katy perry_dark horse,2017-04-08,6
1165,katy perry_dark horse,2017-04-15,8
1166,katy perry_dark horse,2017-04-22,3
1167,katy perry_dark horse,2017-04-29,7
1168,katy perry_dark horse,2017-05-06,4
1169,katy perry_dark horse,2017-05-13,4
1170,katy perry_dark horse,2017-05-20,5
1171,katy perry_dark horse,2017-05-27,9
1172,katy perry_dark horse,2017-06-03,4
1173,katy perry_dark horse,2017-06-10,8
1174,katy perry_dark horse,2017-06-17,8
1175,katy perry_dark horse,2017-06-24,11
1176,katy perry_dark horse,2017-07-01,15
1177,katy perry_dark horse,2017-07-08,14
1178,katy perry_dark horse,2017-07-15,7
1179,katy perry_dark horse,2017-07-22,10
1180,katy perry_dark horse,2017-07-29,8
1181,katy perry_dark horse,2017-08-05,2
1182,katy perry_dark horse,2017-08-12,9
1183,katy perry_dark horse,2017-08-19,8
1184,katy perry_dark horse,2017-08-26,9
1185,katy perry_dark horse,2017-09-02,6
1186,katy perry_dark horse,2017-09-09,6
1187,katy perry_dark horse,2017-09-16,8
1188,katy perry_dark horse,2017-09-23,13
1189,katy perry_dark horse,2017-09-30,6
1190,katy perry_dark horse,2017-10-07,11
1191,katy perry_dark horse,2017-10-14,14
1192,katy perry_dark horse,2017-10-21,15
1193,katy perry_dark horse,2017-10-28,16
1194,katy perry_dark horse,2017-11-04,6
1195,katy perry_dark horse,2017-12-30,4
1196,kendrick lamar_humble.,2017-04-01,13
1197,kendrick lamar_humble.,2017-04-08,37
1198,kendrick lamar_humble.,2017-04-15,60
1199,kendrick lamar_humble.,2017-04-22,84
1200,kendrick lamar_humble.,2017-04-29,77
1201,kendrick lamar_humble.,2017-05-06,95
1202,kendrick lamar_humble.,2017-05-13,110
1203,kendrick lamar_humble.,2017-05-20,125
1204,kendrick lamar_humble.,2017-05-27,129
1205,kendrick lamar_humble.,2017-06-03,119
1206,kendrick lamar_humble.,2017-06-10,110
1207,kendrick lamar_humble.,2017-06-17,91
1208,kendrick lamar_humble.,2017-06-24,95
1209,kendrick lamar_humble.,2017-07-01,108
1210,kendrick lamar_humble.,2017-07-08,108
1211,kendrick lamar_humble.,2017-07-15,79
1212,kendrick lamar_humble.,2017-07-22,97
1213,kendrick lamar_humble.,2017-07-29,86
1214,kendrick lamar_humble.,2017-08-05,63
1215,kendrick lamar_humble.,2017-08-12,75
1216,kendrick lamar_humble.,2017-08-19,81
1217,kendrick lamar_humble.,2017-08-26,72
1218,kendrick lamar_humble.,2017-09-02,70
1219,kendrick lamar_humble.,2017-09-09,90
1220,kendrick lamar_humble.,2017-09-16,104
1221,kendrick lamar_humble.,2017-09-23,97
1222,kendrick lamar_humble.,2017-09-30,97
1223,kendrick lamar_humble.,2017-10-07,96
1224,kendrick lamar_humble.,2017-10-14,115
1225,kendrick lamar_humble.,2017-10-21,146
1226,kendrick lamar_humble.,2017-10-28,191
1227,kendrick lamar_humble.,2017-11-04,77
1228,lmfao_party rock anthem,2011-08-20,2
1229,lmfao_party rock anthem,2011-10-08,1
1230,lmfao_party rock anthem,2011-12-24,1
1231,lmfao_party rock anthem,2012-01-07,2
1232,lmfao_party rock anthem,2012-01-21,1
1233,lmfao_party rock anthem,2012-03-10,3
1234,lmfao_party rock anthem,2012-06-02,1
1235,lmfao_party rock anthem,2012-06-16,1
1236,lmfao_party rock anthem,2012-06-23,2
1237,lmfao_party rock anthem,2012-08-11,1
1238,lmfao_party rock anthem,2012-09-29,1
1239,lmfao_party rock anthem,2012-10-06,1
1240,lmfao_party rock anthem,2012-11-24,1
1241,lmfao_party rock anthem,2012-12-15,1
1242,lmfao_party rock anthem,2012-12-29,1
1243,lmfao_party rock anthem,2013-01-05,3
1244,lmfao_party rock anthem,2013-01-26,1
1245,lmfao_party rock anthem,2013-03-02,1
1246,lmfao_party rock anthem,2013-03-09,1
1247,lmfao_party rock anthem,2013-03-30,2
1248,lmfao_party rock anthem,2013-04-13,2
1249,lmfao_party rock anthem,2013-04-20,2
1250,lmfao_party rock anthem,2013-04-27,1
1251,lmfao_party rock anthem,2013-05-04,2
1252,lmfao_party rock anthem,2013-05-11,1
1253,lmfao_party rock anthem,2013-05-18,2
1254,lmfao_party rock anthem,2013-05-25,4
1255,lmfao_party rock anthem,2013-06-01,2
1256,lmfao_party rock anthem,2013-06-08,1
1257,lmfao_party rock anthem,2013-06-15,3
1258,lmfao_party rock anthem,2013-06-22,1
1259,lmfao_party rock anthem,2013-06-29,1
1260,lmfao_party rock anthem,2013-07-06,2
1261,lmfao_party rock anthem,2013-07-13,1
1262,lmfao_party rock anthem,2013-07-20,2
1263,lmfao_party rock anthem,2013-07-27,4
1264,lmfao_party rock anthem,2013-08-03,3
1265,lmfao_party rock anthem,2013-08-10,2
1266,lmfao_party rock anthem,2013-08-17,3
1267,lmfao_party rock anthem,2013-08-24,2
1268,lmfao_party rock anthem,2013-08-31,2
1269,lmfao_party rock anthem,2013-09-07,2
1270,lmfao_party rock anthem,2013-10-12,1
1271,lmfao_party rock anthem,2013-10-19,1
1272,lmfao_party rock anthem,2013-10-26,2
1273,lmfao_party rock anthem,2013-11-02,3
1274,lmfao_party rock anthem,2013-11-09,3
1275,lmfao_party rock anthem,2013-11-30,2
1276,lmfao_party rock anthem,2013-12-07,1
1277,lmfao_party rock anthem,2013-12-14,2
1278,lmfao_party rock anthem,2013-12-21,1
1279,lmfao_party rock anthem,2014-01-18,1
1280,lmfao_party rock anthem,2014-02-01,2
1281,lmfao_party rock anthem,2014-02-08,1
1282,lmfao_party rock anthem,2014-02-15,2
1283,lmfao_party rock anthem,2014-02-22,3
1284,lmfao_party rock anthem,2014-03-15,2
1285,lmfao_party rock anthem,2014-03-22,1
1286,lmfao_party rock anthem,2014-03-29,3
1287,lmfao_party rock anthem,2014-04-05,3
1288,lmfao_party rock anthem,2014-04-12,7
1289,lmfao_party rock anthem,2014-04-19,4
1290,lmfao_party rock anthem,2014-04-26,2
1291,lmfao_party rock anthem,2014-05-03,1
1292,lmfao_party rock anthem,2014-05-17,3
1293,lmfao_party rock anthem,2014-05-24,1
1294,lmfao_party rock anthem,2014-05-31,1
1295,lmfao_party rock anthem,2014-06-14,1
1296,lmfao_party rock anthem,2014-06-21,2
1297,lmfao_party rock anthem,2014-06-28,2
1298,lmfao_party rock anthem,2014-07-05,2
1299,lmfao_party rock anthem,2014-07-12,2
1300,lmfao_party rock anthem,2014-07-19,5
1301,lmfao_party rock anthem,2014-07-26,4
1302,lmfao_party rock anthem,2014-08-02,1
1303,lmfao_party rock anthem,2014-08-30,2
1304,lmfao_party rock anthem,2014-09-06,3
1305,lmfao_party rock anthem,2014-09-13,1
1306,lmfao_party rock anthem,2014-09-20,2
1307,lmfao_party rock anthem,2014-09-27,5
1308,lmfao_party rock anthem,2014-10-04,2
1309,lmfao_party rock anthem,2014-10-11,5
1310,lmfao_party rock anthem,2014-10-18,1
1311,lmfao_party rock anthem,2014-11-01,3
1312,lmfao_party rock anthem,2014-11-08,1
1313,lmfao_party rock anthem,2014-11-15,5
1314,lmfao_party rock anthem,2014-11-22,1
1315,lmfao_party rock anthem,2014-12-13,2
1316,lmfao_party rock anthem,2014-12-20,1
1317,lmfao_party rock anthem,2014-12-27,5
1318,lmfao_party rock anthem,2015-01-03,3
1319,lmfao_party rock anthem,2015-01-17,3
1320,lmfao_party rock anthem,2015-01-24,1
1321,lmfao_party rock anthem,2015-01-31,1
1322,lmfao_party rock anthem,2015-02-07,2
1323,lmfao_party rock anthem,2015-02-14,1
1324,lmfao_party rock anthem,2015-02-21,3
1325,lmfao_party rock anthem,2015-02-28,4
1326,lmfao_party rock anthem,2015-03-07,2
1327,lmfao_party rock anthem,2015-03-14,3
1328,lmfao_party rock anthem,2015-03-21,6
1329,lmfao_party rock anthem,2015-03-28,1
1330,lmfao_party rock anthem,2015-04-04,1
1331,lmfao_party rock anthem,2015-04-11,4
1332,lmfao_party rock anthem,2015-04-18,5
1333,lmfao_party rock anthem,2015-04-25,2
1334,lmfao_party rock anthem,2015-05-02,4
1335,lmfao_party rock anthem,2015-05-09,3
1336,lmfao_party rock anthem,2015-05-16,2
1337,lmfao_party rock anthem,2015-05-23,5
1338,lmfao_party rock anthem,2015-05-30,2
1339,lmfao_party rock anthem,2015-06-06,3
1340,lmfao_party rock anthem,2015-06-13,2
1341,lmfao_party rock anthem,2015-06-20,3
1342,lmfao_party rock anthem,2015-06-27,1
1343,lmfao_party rock anthem,2015-07-04,6
1344,lmfao_party rock anthem,2015-07-11,1
1345,lmfao_party rock anthem,2015-07-18,5
1346,lmfao_party rock anthem,2015-07-25,8
1347,lmfao_party rock anthem,2015-08-01,4
1348,lmfao_party rock anthem,2015-08-08,5
1349,lmfao_party rock anthem,2015-08-15,2
1350,lmfao_party rock anthem,2015-08-22,1
1351,lmfao_party rock anthem,2015-09-12,1
1352,lmfao_party rock anthem,2015-09-19,4
1353,lmfao_party rock anthem,2015-09-26,2
1354,lmfao_party rock anthem,2015-10-03,1
1355,lmfao_party rock anthem,2015-10-10,3
1356,lmfao_party rock anthem,2015-10-17,6
1357,lmfao_party rock anthem,2015-10-24,2
1358,lmfao_party rock anthem,2015-10-31,6
1359,lmfao_party rock anthem,2015-11-07,4
1360,lmfao_party rock anthem,2015-11-14,1
1361,lmfao_party rock anthem,2015-11-21,4
1362,lmfao_party rock anthem,2015-11-28,1
1363,lmfao_party rock anthem,2015-12-05,6
1364,lmfao_party rock anthem,2015-12-12,2
1365,lmfao_party rock anthem,2015-12-19,3
1366,lmfao_party rock anthem,2015-12-26,1
1367,lmfao_party rock anthem,2016-01-02,2
1368,lmfao_party rock anthem,2016-01-09,3
1369,lmfao_party rock anthem,2016-01-16,3
1370,lmfao_party rock anthem,2016-01-23,3
1371,lmfao_party rock anthem,2016-01-30,2
1372,lmfao_party rock anthem,2016-02-06,3
1373,lmfao_party rock anthem,2016-02-13,3
1374,lmfao_party rock anthem,2016-02-20,2
1375,lmfao_party rock anthem,2016-02-27,3
1376,lmfao_party rock anthem,2016-03-05,3
1377,lmfao_party rock anthem,2016-03-12,3
1378,lmfao_party rock anthem,2016-03-19,7
1379,lmfao_party rock anthem,2016-03-26,4
1380,lmfao_party rock anthem,2016-04-02,5
1381,lmfao_party rock anthem,2016-04-16,5
1382,lmfao_party rock anthem,2016-04-23,5
1383,lmfao_party rock anthem,2016-04-30,2
1384,lmfao_party rock anthem,2016-05-07,2
1385,lmfao_party rock anthem,2016-05-14,4
1386,lmfao_party rock anthem,2016-05-21,5
1387,lmfao_party rock anthem,2016-05-28,5
1388,lmfao_party rock anthem,2016-06-04,5
1389,lmfao_party rock anthem,2016-06-11,3
1390,lmfao_party rock anthem,2016-06-18,3
1391,lmfao_party rock anthem,2016-06-25,6
1392,lmfao_party rock anthem,2016-07-02,5
1393,lmfao_party rock anthem,2016-07-09,6
1394,lmfao_party rock anthem,2016-07-16,6
1395,lmfao_party rock anthem,2016-07-23,6
1396,lmfao_party rock anthem,2016-07-30,4
1397,lmfao_party rock anthem,2016-08-06,3
1398,lmfao_party rock anthem,2016-08-13,5
1399,lmfao_party rock anthem,2016-08-20,1
1400,lmfao_party rock anthem,2016-08-27,7
1401,lmfao_party rock anthem,2016-09-03,7
1402,lmfao_party rock anthem,2016-09-10,3
1403,lmfao_party rock anthem,2016-09-17,5
1404,lmfao_party rock anthem,2016-09-24,4
1405,lmfao_party rock anthem,2016-10-01,2
1406,lmfao_party rock anthem,2016-10-08,1
1407,lmfao_party rock anthem,2016-10-15,5
1408,lmfao_party rock anthem,2016-10-22,6
1409,lmfao_party rock anthem,2016-10-29,8
1410,lmfao_party rock anthem,2016-11-05,1
1411,lmfao_party rock anthem,2016-11-12,4
1412,lmfao_party rock anthem,2016-11-19,4
1413,lmfao_party rock anthem,2016-11-26,1
1414,lmfao_party rock anthem,2016-12-03,9
1415,lmfao_party rock anthem,2016-12-10,5
1416,lmfao_party rock anthem,2016-12-17,2
1417,lmfao_party rock anthem,2016-12-24,5
1418,lmfao_party rock anthem,2016-12-31,6
1419,lmfao_party rock anthem,2017-01-07,7
1420,lmfao_party rock anthem,2017-01-14,7
1421,lmfao_party rock anthem,2017-01-21,5
1422,lmfao_party rock anthem,2017-01-28,12
1423,lmfao_party rock anthem,2017-02-04,10
1424,lmfao_party rock anthem,2017-02-11,9
1425,lmfao_party rock anthem,2017-02-18,10
1426,lmfao_party rock anthem,2017-02-25,7
1427,lmfao_party rock anthem,2017-03-04,7
1428,lmfao_party rock anthem,2017-03-11,14
1429,lmfao_party rock anthem,2017-03-18,12
1430,lmfao_party rock anthem,2017-03-25,6
1431,lmfao_party rock anthem,2017-04-01,11
1432,lmfao_party rock anthem,2017-04-08,2
1433,lmfao_party rock anthem,2017-04-15,4
1434,lmfao_party rock anthem,2017-04-22,9
1435,lmfao_party rock anthem,2017-04-29,9
1436,lmfao_party rock anthem,2017-05-06,6
1437,lmfao_party rock anthem,2017-05-13,5
1438,lmfao_party rock anthem,2017-05-20,7
1439,lmfao_party rock anthem,2017-05-27,7
1440,lmfao_party rock anthem,2017-06-03,16
1441,lmfao_party rock anthem,2017-06-10,9
1442,lmfao_party rock anthem,2017-06-17,13
1443,lmfao_party rock anthem,2017-06-24,10
1444,lmfao_party rock anthem,2017-07-01,8
1445,lmfao_party rock anthem,2017-07-08,16
1446,lmfao_party rock anthem,2017-07-15,6
1447,lmfao_party rock anthem,2017-07-22,13
1448,lmfao_party rock anthem,2017-07-29,9
1449,lmfao_party rock anthem,2017-08-05,9
1450,lmfao_party rock anthem,2017-08-12,11
1451,lmfao_party rock anthem,2017-08-19,17
1452,lmfao_party rock anthem,2017-08-26,11
1453,lmfao_party rock anthem,2017-09-02,9
1454,lmfao_party rock anthem,2017-09-09,12
1455,lmfao_party rock anthem,2017-09-16,14
1456,lmfao_party rock anthem,2017-09-23,7
1457,lmfao_party rock anthem,2017-09-30,10
1458,lmfao_party rock anthem,2017-10-07,11
1459,lmfao_party rock anthem,2017-10-14,15
1460,lmfao_party rock anthem,2017-10-21,15
1461,lmfao_party rock anthem,2017-10-28,23
1462,lmfao_party rock anthem,2017-11-04,5
1463,lmfao_party rock anthem,2017-12-30,3
1464,luis fonsi_despacito,2017-01-28,1
1465,luis fonsi_despacito,2017-02-04,5
1466,luis fonsi_despacito,2017-02-11,6
1467,luis fonsi_despacito,2017-02-18,9
1468,luis fonsi_despacito,2017-02-25,4
1469,luis fonsi_despacito,2017-03-04,8
1470,luis fonsi_despacito,2017-03-11,13
1471,luis fonsi_despacito,2017-03-18,11
1472,luis fonsi_despacito,2017-03-25,12
1473,luis fonsi_despacito,2017-04-01,8
1474,luis fonsi_despacito,2017-04-08,13
1475,luis fonsi_despacito,2017-04-15,5
1476,luis fonsi_despacito,2017-04-22,42
1477,luis fonsi_despacito,2017-04-29,67
1478,luis fonsi_despacito,2017-05-06,68
1479,luis fonsi_despacito,2017-05-13,94
1480,luis fonsi_despacito,2017-05-20,100
1481,luis fonsi_despacito,2017-05-27,150
1482,luis fonsi_despacito,2017-06-03,124
1483,luis fonsi_despacito,2017-06-10,125
1484,luis fonsi_despacito,2017-06-17,141
1485,luis fonsi_despacito,2017-06-24,137
1486,luis fonsi_despacito,2017-07-01,145
1487,luis fonsi_despacito,2017-07-08,142
1488,luis fonsi_despacito,2017-07-15,107
1489,luis fonsi_despacito,2017-07-22,110
1490,luis fonsi_despacito,2017-07-29,104
1491,luis fonsi_despacito,2017-08-05,69
1492,luis fonsi_despacito,2017-08-12,89
1493,luis fonsi_despacito,2017-08-19,80
1494,luis fonsi_despacito,2017-08-26,60
1495,luis fonsi_despacito,2017-09-02,66
1496,luis fonsi_despacito,2017-09-09,58
1497,luis fonsi_despacito,2017-09-16,74
1498,luis fonsi_despacito,2017-09-23,64
1499,luis fonsi_despacito,2017-09-30,54
1500,luis fonsi_despacito,2017-10-07,77
1501,luis fonsi_despacito,2017-10-14,59
1502,luis fonsi_despacito,2017-10-21,80
1503,luis fonsi_despacito,2017-10-28,107
1504,luis fonsi_despacito,2017-11-04,36
1505,mark ronson_uptown funk,2014-01-04,19
1506,mark ronson_uptown funk,2014-11-22,1
1507,mark ronson_uptown funk,2014-11-29,8
1508,mark ronson_uptown funk,2014-12-06,4
1509,mark ronson_uptown funk,2014-12-13,13
1510,mark ronson_uptown funk,2014-12-20,17
1511,mark ronson_uptown funk,2014-12-27,16
1512,mark ronson_uptown funk,2015-01-03,14
1513,mark ronson_uptown funk,2015-01-10,20
1514,mark ronson_uptown funk,2015-01-17,13
1515,mark ronson_uptown funk,2015-01-24,16
1516,mark ronson_uptown funk,2015-01-31,20
1517,mark ronson_uptown funk,2015-02-07,22
1518,mark ronson_uptown funk,2015-02-14,28
1519,mark ronson_uptown funk,2015-02-21,26
1520,mark ronson_uptown funk,2015-02-28,23
1521,mark ronson_uptown funk,2015-03-07,18
1522,mark ronson_uptown funk,2015-03-14,22
1523,mark ronson_uptown funk,2015-03-21,45
1524,mark ronson_uptown funk,2015-03-28,23
1525,mark ronson_uptown funk,2015-04-04,12
1526,mark ronson_uptown funk,2015-04-11,26
1527,mark ronson_uptown funk,2015-04-18,29
1528,mark ronson_uptown funk,2015-04-25,24
1529,mark ronson_uptown funk,2015-05-02,19
1530,mark ronson_uptown funk,2015-05-09,22
1531,mark ronson_uptown funk,2015-05-16,27
1532,mark ronson_uptown funk,2015-05-23,37
1533,mark ronson_uptown funk,2015-05-30,34
1534,mark ronson_uptown funk,2015-06-06,28
1535,mark ronson_uptown funk,2015-06-13,39
1536,mark ronson_uptown funk,2015-06-20,18
1537,mark ronson_uptown funk,2015-06-27,26
1538,mark ronson_uptown funk,2015-07-04,31
1539,mark ronson_uptown funk,2015-07-11,24
1540,mark ronson_uptown funk,2015-07-18,17
1541,mark ronson_uptown funk,2015-07-25,21
1542,mark ronson_uptown funk,2015-08-01,25
1543,mark ronson_uptown funk,2015-08-08,11
1544,mark ronson_uptown funk,2015-08-15,9
1545,mark ronson_uptown funk,2015-08-22,10
1546,mark ronson_uptown funk,2015-08-29,14
1547,mark ronson_uptown funk,2015-09-05,14
1548,mark ronson_uptown funk,2015-09-12,14
1549,mark ronson_uptown funk,2015-09-19,8
1550,mark ronson_uptown funk,2015-09-26,17
1551,mark ronson_uptown funk,2015-10-03,17
1552,mark ronson_uptown funk,2015-10-10,6
1553,mark ronson_uptown funk,2015-10-17,9
1554,mark ronson_uptown funk,2015-10-24,8
1555,mark ronson_uptown funk,2015-10-31,16
1556,mark ronson_uptown funk,2015-11-07,18
1557,mark ronson_uptown funk,2015-11-14,13
1558,mark ronson_uptown funk,2015-11-21,16
1559,mark ronson_uptown funk,2015-11-28,6
1560,mark ronson_uptown funk,2015-12-05,7
1561,mark ronson_uptown funk,2015-12-12,26
1562,mark ronson_uptown funk,2015-12-19,23
1563,mark ronson_uptown funk,2015-12-26,12
1564,mark ronson_uptown funk,2016-01-02,23
1565,mark ronson_uptown funk,2016-01-09,15
1566,mark ronson_uptown funk,2016-01-16,13
1567,mark ronson_uptown funk,2016-01-23,10
1568,mark ronson_uptown funk,2016-01-30,9
1569,mark ronson_uptown funk,2016-02-06,13
1570,mark ronson_uptown funk,2016-02-13,18
1571,mark ronson_uptown funk,2016-02-20,7
1572,mark ronson_uptown funk,2016-02-27,7
1573,mark ronson_uptown funk,2016-03-05,9
1574,mark ronson_uptown funk,2016-03-12,13
1575,mark ronson_uptown funk,2016-03-19,8
1576,mark ronson_uptown funk,2016-03-26,12
1577,mark ronson_uptown funk,2016-04-02,9
1578,mark ronson_uptown funk,2016-04-09,6
1579,mark ronson_uptown funk,2016-04-16,15
1580,mark ronson_uptown funk,2016-04-23,12
1581,mark ronson_uptown funk,2016-04-30,7
1582,mark ronson_uptown funk,2016-05-07,15
1583,mark ronson_uptown funk,2016-05-14,14
1584,mark ronson_uptown funk,2016-05-21,9
1585,mark ronson_uptown funk,2016-05-28,23
1586,mark ronson_uptown funk,2016-06-04,20
1587,mark ronson_uptown funk,2016-06-11,16
1588,mark ronson_uptown funk,2016-06-18,18
1589,mark ronson_uptown funk,2016-06-25,18
1590,mark ronson_uptown funk,2016-07-02,18
1591,mark ronson_uptown funk,2016-07-09,20
1592,mark ronson_uptown funk,2016-07-16,17
1593,mark ronson_uptown funk,2016-07-23,12
1594,mark ronson_uptown funk,2016-07-30,18
1595,mark ronson_uptown funk,2016-08-06,9
1596,mark ronson_uptown funk,2016-08-13,13
1597,mark ronson_uptown funk,2016-08-20,16
1598,mark ronson_uptown funk,2016-08-27,20
1599,mark ronson_uptown funk,2016-09-03,15
1600,mark ronson_uptown funk,2016-09-10,17
1601,mark ronson_uptown funk,2016-09-17,13
1602,mark ronson_uptown funk,2016-09-24,8
1603,mark ronson_uptown funk,2016-10-01,8
1604,mark ronson_uptown funk,2016-10-08,12
1605,mark ronson_uptown funk,2016-10-15,16
1606,mark ronson_uptown funk,2016-10-22,10
1607,mark ronson_uptown funk,2016-10-29,13
1608,mark ronson_uptown funk,2016-11-05,14
1609,mark ronson_uptown funk,2016-11-12,15
1610,mark ronson_uptown funk,2016-11-19,14
1611,mark ronson_uptown funk,2016-11-26,8
1612,mark ronson_uptown funk,2016-12-03,15
1613,mark ronson_uptown funk,2016-12-10,14
1614,mark ronson_uptown funk,2016-12-17,15
1615,mark ronson_uptown funk,2016-12-24,11
1616,mark ronson_uptown funk,2016-12-31,13
1617,mark ronson_uptown funk,2017-01-07,12
1618,mark ronson_uptown funk,2017-01-14,15
1619,mark ronson_uptown funk,2017-01-21,14
1620,mark ronson_uptown funk,2017-01-28,13
1621,mark ronson_uptown funk,2017-02-04,13
1622,mark ronson_uptown funk,2017-02-11,14
1623,mark ronson_uptown funk,2017-02-18,17
1624,mark ronson_uptown funk,2017-02-25,20
1625,mark ronson_uptown funk,2017-03-04,12
1626,mark ronson_uptown funk,2017-03-11,14
1627,mark ronson_uptown funk,2017-03-18,20
1628,mark ronson_uptown funk,2017-03-25,13
1629,mark ronson_uptown funk,2017-04-01,17
1630,mark ronson_uptown funk,2017-04-08,9
1631,mark ronson_uptown funk,2017-04-15,15
1632,mark ronson_uptown funk,2017-04-22,10
1633,mark ronson_uptown funk,2017-04-29,22
1634,mark ronson_uptown funk,2017-05-06,16
1635,mark ronson_uptown funk,2017-05-13,15
1636,mark ronson_uptown funk,2017-05-20,19
1637,mark ronson_uptown funk,2017-05-27,24
1638,mark ronson_uptown funk,2017-06-03,25
1639,mark ronson_uptown funk,2017-06-10,17
1640,mark ronson_uptown funk,2017-06-17,22
1641,mark ronson_uptown funk,2017-06-24,29
1642,mark ronson_uptown funk,2017-07-01,28
1643,mark ronson_uptown funk,2017-07-08,30
1644,mark ronson_uptown funk,2017-07-15,16
1645,mark ronson_uptown funk,2017-07-22,26
1646,mark ronson_uptown funk,2017-07-29,21
1647,mark ronson_uptown funk,2017-08-05,17
1648,mark ronson_uptown funk,2017-08-12,21
1649,mark ronson_uptown funk,2017-08-19,34
1650,mark ronson_uptown funk,2017-08-26,17
1651,mark ronson_uptown funk,2017-09-02,16
1652,mark ronson_uptown funk,2017-09-09,22
1653,mark ronson_uptown funk,2017-09-16,32
1654,mark ronson_uptown funk,2017-09-23,23
1655,mark ronson_uptown funk,2017-09-30,22
1656,mark ronson_uptown funk,2017-10-07,16
1657,mark ronson_uptown funk,2017-10-14,37
1658,mark ronson_uptown funk,2017-10-21,26
1659,mark ronson_uptown funk,2017-10-28,38
1660,mark ronson_uptown funk,2017-11-04,20
1661,mark ronson_uptown funk,2017-12-30,10
1662,rihanna_work,2016-01-30,1
1663,rihanna_work,2016-02-06,5
1664,rihanna_work,2016-02-13,28
1665,rihanna_work,2016-02-20,38
1666,rihanna_work,2016-02-27,55
1667,rihanna_work,2016-03-05,41
1668,rihanna_work,2016-03-12,47
1669,rihanna_work,2016-03-19,60
1670,rihanna_work,2016-03-26,35
1671,rihanna_work,2016-04-02,56
1672,rihanna_work,2016-04-09,59
1673,rihanna_work,2016-04-16,42
1674,rihanna_work,2016-04-23,42
1675,rihanna_work,2016-04-30,40
1676,rihanna_work,2016-05-07,50
1677,rihanna_work,2016-05-14,35
1678,rihanna_work,2016-05-21,41
1679,rihanna_work,2016-05-28,49
1680,rihanna_work,2016-06-04,51
1681,rihanna_work,2016-06-11,44
1682,rihanna_work,2016-06-18,45
1683,rihanna_work,2016-06-25,59
1684,rihanna_work,2016-07-02,55
1685,rihanna_work,2016-07-09,33
1686,rihanna_work,2016-07-16,38
1687,rihanna_work,2016-07-23,27
1688,rihanna_work,2016-07-30,42
1689,rihanna_work,2016-08-06,28
1690,rihanna_work,2016-08-13,32
1691,rihanna_work,2016-08-20,32
1692,rihanna_work,2016-08-27,32
1693,rihanna_work,2016-09-03,36
1694,rihanna_work,2016-09-10,25
1695,rihanna_work,2016-09-17,29
1696,rihanna_work,2016-09-24,13
1697,rihanna_work,2016-10-01,25
1698,rihanna_work,2016-10-08,13
1699,rihanna_work,2016-10-15,27
1700,rihanna_work,2016-10-22,20
1701,rihanna_work,2016-10-29,32
1702,rihanna_work,2016-11-05,26
1703,rihanna_work,2016-11-12,18
1704,rihanna_work,2016-11-19,15
1705,rihanna_work,2016-11-26,19
1706,rihanna_work,2016-12-03,18
1707,rihanna_work,2016-12-10,27
1708,rihanna_work,2016-12-17,21
1709,rihanna_work,2016-12-24,21
1710,rihanna_work,2016-12-31,38
1711,rihanna_work,2017-01-07,23
1712,rihanna_work,2017-01-14,15
1713,rihanna_work,2017-01-21,15
1714,rihanna_work,2017-01-28,21
1715,rihanna_work,2017-02-04,13
1716,rihanna_work,2017-02-11,16
1717,rihanna_work,2017-02-18,29
1718,rihanna_work,2017-02-25,18
1719,rihanna_work,2017-03-04,19
1720,rihanna_work,2017-03-11,22
1721,rihanna_work,2017-03-18,18
1722,rihanna_work,2017-03-25,15
1723,rihanna_work,2017-04-01,16
1724,rihanna_work,2017-04-08,14
1725,rihanna_work,2017-04-15,19
1726,rihanna_work,2017-04-22,17
1727,rihanna_work,2017-04-29,15
1728,rihanna_work,2017-05-06,15
1729,rihanna_work,2017-05-13,23
1730,rihanna_work,2017-05-20,22
1731,rihanna_work,2017-05-27,14
1732,rihanna_work,2017-06-03,25
1733,rihanna_work,2017-06-10,25
1734,rihanna_work,2017-06-17,20
1735,rihanna_work,2017-06-24,18
1736,rihanna_work,2017-07-01,16
1737,rihanna_work,2017-07-08,22
1738,rihanna_work,2017-07-15,13
1739,rihanna_work,2017-07-22,11
1740,rihanna_work,2017-07-29,19
1741,rihanna_work,2017-08-05,15
1742,rihanna_work,2017-08-12,23
1743,rihanna_work,2017-08-19,17
1744,rihanna_work,2017-08-26,11
1745,rihanna_work,2017-09-02,14
1746,rihanna_work,2017-09-09,14
1747,rihanna_work,2017-09-16,13
1748,rihanna_work,2017-09-23,9
1749,rihanna_work,2017-09-30,17
1750,rihanna_work,2017-10-07,17
1751,rihanna_work,2017-10-14,21
1752,rihanna_work,2017-10-21,22
1753,rihanna_work,2017-10-28,29
1754,rihanna_work,2017-11-04,13
1755,rihanna_work,2017-12-30,10
1756,sia_cheap thrills,2015-12-19,1
1757,sia_cheap thrills,2015-12-26,4
1758,sia_cheap thrills,2016-01-09,5
1759,sia_cheap thrills,2016-01-16,5
1760,sia_cheap thrills,2016-01-23,1
1761,sia_cheap thrills,2016-01-30,8
1762,sia_cheap thrills,2016-02-13,3
1763,sia_cheap thrills,2016-02-20,9
1764,sia_cheap thrills,2016-02-27,2
1765,sia_cheap thrills,2016-03-05,10
1766,sia_cheap thrills,2016-03-12,8
1767,sia_cheap thrills,2016-03-19,19
1768,sia_cheap thrills,2016-03-26,17
1769,sia_cheap thrills,2016-04-02,17
1770,sia_cheap thrills,2016-04-09,12
1771,sia_cheap thrills,2016-04-16,23
1772,sia_cheap thrills,2016-04-23,23
1773,sia_cheap thrills,2016-04-30,17
1774,sia_cheap thrills,2016-05-07,18
1775,sia_cheap thrills,2016-05-14,23
1776,sia_cheap thrills,2016-05-21,18
1777,sia_cheap thrills,2016-05-28,33
1778,sia_cheap thrills,2016-06-04,40
1779,sia_cheap thrills,2016-06-11,45
1780,sia_cheap thrills,2016-06-18,38
1781,sia_cheap thrills,2016-06-25,54
1782,sia_cheap thrills,2016-07-02,46
1783,sia_cheap thrills,2016-07-09,44
1784,sia_cheap thrills,2016-07-16,39
1785,sia_cheap thrills,2016-07-23,30
1786,sia_cheap thrills,2016-07-30,51
1787,sia_cheap thrills,2016-08-06,30
1788,sia_cheap thrills,2016-08-13,48
1789,sia_cheap thrills,2016-08-20,39
1790,sia_cheap thrills,2016-08-27,37
1791,sia_cheap thrills,2016-09-03,46
1792,sia_cheap thrills,2016-09-10,39
1793,sia_cheap thrills,2016-09-17,36
1794,sia_cheap thrills,2016-09-24,23
1795,sia_cheap thrills,2016-10-01,25
1796,sia_cheap thrills,2016-10-08,16
1797,sia_cheap thrills,2016-10-15,26
1798,sia_cheap thrills,2016-10-22,19
1799,sia_cheap thrills,2016-10-29,23
1800,sia_cheap thrills,2016-11-05,16
1801,sia_cheap thrills,2016-11-12,10
1802,sia_cheap thrills,2016-11-19,10
1803,sia_cheap thrills,2016-11-26,18
1804,sia_cheap thrills,2016-12-03,16
1805,sia_cheap thrills,2016-12-10,17
1806,sia_cheap thrills,2016-12-17,16
1807,sia_cheap thrills,2016-12-24,23
1808,sia_cheap thrills,2016-12-31,37
1809,sia_cheap thrills,2017-01-07,21
1810,sia_cheap thrills,2017-01-14,19
1811,sia_cheap thrills,2017-01-21,7
1812,sia_cheap thrills,2017-01-28,18
1813,sia_cheap thrills,2017-02-04,13
1814,sia_cheap thrills,2017-02-11,18
1815,sia_cheap thrills,2017-02-18,20
1816,sia_cheap thrills,2017-02-25,11
1817,sia_cheap thrills,2017-03-04,13
1818,sia_cheap thrills,2017-03-11,22
1819,sia_cheap thrills,2017-03-18,16
1820,sia_cheap thrills,2017-03-25,14
1821,sia_cheap thrills,2017-04-01,14
1822,sia_cheap thrills,2017-04-08,14
1823,sia_cheap thrills,2017-04-15,7
1824,sia_cheap thrills,2017-04-22,12
1825,sia_cheap thrills,2017-04-29,12
1826,sia_cheap thrills,2017-05-06,18
1827,sia_cheap thrills,2017-05-13,21
1828,sia_cheap thrills,2017-05-20,19
1829,sia_cheap thrills,2017-05-27,23
1830,sia_cheap thrills,2017-06-03,19
1831,sia_cheap thrills,2017-06-10,21
1832,sia_cheap thrills,2017-06-17,22
1833,sia_cheap thrills,2017-06-24,25
1834,sia_cheap thrills,2017-07-01,31
1835,sia_cheap thrills,2017-07-08,35
1836,sia_cheap thrills,2017-07-15,16
1837,sia_cheap thrills,2017-07-22,18
1838,sia_cheap thrills,2017-07-29,20
1839,sia_cheap thrills,2017-08-05,7
1840,sia_cheap thrills,2017-08-12,20
1841,sia_cheap thrills,2017-08-19,22
1842,sia_cheap thrills,2017-08-26,15
1843,sia_cheap thrills,2017-09-02,9
1844,sia_cheap thrills,2017-09-09,19
1845,sia_cheap thrills,2017-09-16,17
1846,sia_cheap thrills,2017-09-23,21
1847,sia_cheap thrills,2017-09-30,14
1848,sia_cheap thrills,2017-10-07,14
1849,sia_cheap thrills,2017-10-14,22
1850,sia_cheap thrills,2017-10-21,23
1851,sia_cheap thrills,2017-10-28,24
1852,sia_cheap thrills,2017-11-04,5
1853,sia_cheap thrills,2017-12-30,11
1854,the chainsmokers_closer,2016-07-30,5
1855,the chainsmokers_closer,2016-08-06,35
1856,the chainsmokers_closer,2016-08-13,61
1857,the chainsmokers_closer,2016-08-20,64
1858,the chainsmokers_closer,2016-08-27,80
1859,the chainsmokers_closer,2016-09-03,95
1860,the chainsmokers_closer,2016-09-10,92
1861,the chainsmokers_closer,2016-09-17,91
1862,the chainsmokers_closer,2016-09-24,80
1863,the chainsmokers_closer,2016-10-01,82
1864,the chainsmokers_closer,2016-10-08,70
1865,the chainsmokers_closer,2016-10-15,89
1866,the chainsmokers_closer,2016-10-22,51
1867,the chainsmokers_closer,2016-10-29,88
1868,the chainsmokers_closer,2016-11-05,52
1869,the chainsmokers_closer,2016-11-12,60
1870,the chainsmokers_closer,2016-11-19,52
1871,the chainsmokers_closer,2016-11-26,64
1872,the chainsmokers_closer,2016-12-03,64
1873,the chainsmokers_closer,2016-12-10,47
1874,the chainsmokers_closer,2016-12-17,56
1875,the chainsmokers_closer,2016-12-24,51
1876,the chainsmokers_closer,2016-12-31,72
1877,the chainsmokers_closer,2017-01-07,54
1878,the chainsmokers_closer,2017-01-14,39
1879,the chainsmokers_closer,2017-01-21,45
1880,the chainsmokers_closer,2017-01-28,42
1881,the chainsmokers_closer,2017-02-04,47
1882,the chainsmokers_closer,2017-02-11,39
1883,the chainsmokers_closer,2017-02-18,44
1884,the chainsmokers_closer,2017-02-25,39
1885,the chainsmokers_closer,2017-03-04,35
1886,the chainsmokers_closer,2017-03-11,34
1887,the chainsmokers_closer,2017-03-18,46
1888,the chainsmokers_closer,2017-03-25,36
1889,the chainsmokers_closer,2017-04-01,38
1890,the chainsmokers_closer,2017-04-08,39
1891,the chainsmokers_closer,2017-04-15,27
1892,the chainsmokers_closer,2017-04-22,43
1893,the chainsmokers_closer,2017-04-29,40
1894,the chainsmokers_closer,2017-05-06,38
1895,the chainsmokers_closer,2017-05-13,43
1896,the chainsmokers_closer,2017-05-20,41
1897,the chainsmokers_closer,2017-05-27,48
1898,the chainsmokers_closer,2017-06-03,47
1899,the chainsmokers_closer,2017-06-10,46
1900,the chainsmokers_closer,2017-06-17,40
1901,the chainsmokers_closer,2017-06-24,40
1902,the chainsmokers_closer,2017-07-01,59
1903,the chainsmokers_closer,2017-07-08,46
1904,the chainsmokers_closer,2017-07-15,31
1905,the chainsmokers_closer,2017-07-22,34
1906,the chainsmokers_closer,2017-07-29,26
1907,the chainsmokers_closer,2017-08-05,24
1908,the chainsmokers_closer,2017-08-12,38
1909,the chainsmokers_closer,2017-08-19,33
1910,the chainsmokers_closer,2017-08-26,25
1911,the chainsmokers_closer,2017-09-02,27
1912,the chainsmokers_closer,2017-09-09,35
1913,the chainsmokers_closer,2017-09-16,31
1914,the chainsmokers_closer,2017-09-23,35
1915,the chainsmokers_closer,2017-09-30,34
1916,the chainsmokers_closer,2017-10-07,30
1917,the chainsmokers_closer,2017-10-14,37
1918,the chainsmokers_closer,2017-10-21,44
1919,the chainsmokers_closer,2017-10-28,50
1920,the chainsmokers_closer,2017-11-04,32
1921,the chainsmokers_closer,2017-12-30,17
1922,the weeknd_can't feel my face,2015-06-13,8
1923,the weeknd_can't feel my face,2015-06-20,15
1924,the weeknd_can't feel my face,2015-06-27,30
1925,the weeknd_can't feel my face,2015-07-04,33
1926,the weeknd_can't feel my face,2015-07-11,46
1927,the weeknd_can't feel my face,2015-07-18,39
1928,the weeknd_can't feel my face,2015-07-25,34
1929,the weeknd_can't feel my face,2015-08-01,35
1930,the weeknd_can't feel my face,2015-08-08,36
1931,the weeknd_can't feel my face,2015-08-15,26
1932,the weeknd_can't feel my face,2015-08-22,30
1933,the weeknd_can't feel my face,2015-08-29,32
1934,the weeknd_can't feel my face,2015-09-05,54
1935,the weeknd_can't feel my face,2015-09-12,38
1936,the weeknd_can't feel my face,2015-09-19,45
1937,the weeknd_can't feel my face,2015-09-26,32
1938,the weeknd_can't feel my face,2015-10-03,50
1939,the weeknd_can't feel my face,2015-10-10,39
1940,the weeknd_can't feel my face,2015-10-17,41
1941,the weeknd_can't feel my face,2015-10-24,26
1942,the weeknd_can't feel my face,2015-10-31,57
1943,the weeknd_can't feel my face,2015-11-07,26
1944,the weeknd_can't feel my face,2015-11-14,31
1945,the weeknd_can't feel my face,2015-11-21,29
1946,the weeknd_can't feel my face,2015-11-28,28
1947,the weeknd_can't feel my face,2015-12-05,19
1948,the weeknd_can't feel my face,2015-12-12,67
1949,the weeknd_can't feel my face,2015-12-19,45
1950,the weeknd_can't feel my face,2015-12-26,30
1951,the weeknd_can't feel my face,2016-01-02,32
1952,the weeknd_can't feel my face,2016-01-09,26
1953,the weeknd_can't feel my face,2016-01-16,16
1954,the weeknd_can't feel my face,2016-01-23,14
1955,the weeknd_can't feel my face,2016-01-30,24
1956,the weeknd_can't feel my face,2016-02-06,20
1957,the weeknd_can't feel my face,2016-02-13,18
1958,the weeknd_can't feel my face,2016-02-20,21
1959,the weeknd_can't feel my face,2016-02-27,16
1960,the weeknd_can't feel my face,2016-03-05,18
1961,the weeknd_can't feel my face,2016-03-12,14
1962,the weeknd_can't feel my face,2016-03-19,26
1963,the weeknd_can't feel my face,2016-03-26,13
1964,the weeknd_can't feel my face,2016-04-02,10
1965,the weeknd_can't feel my face,2016-04-09,12
1966,the weeknd_can't feel my face,2016-04-16,19
1967,the weeknd_can't feel my face,2016-04-23,21
1968,the weeknd_can't feel my face,2016-04-30,17
1969,the weeknd_can't feel my face,2016-05-07,16
1970,the weeknd_can't feel my face,2016-05-14,16
1971,the weeknd_can't feel my face,2016-05-21,12
1972,the weeknd_can't feel my face,2016-05-28,19
1973,the weeknd_can't feel my face,2016-06-04,21
1974,the weeknd_can't feel my face,2016-06-11,14
1975,the weeknd_can't feel my face,2016-06-18,19
1976,the weeknd_can't feel my face,2016-06-25,21
1977,the weeknd_can't feel my face,2016-07-02,25
1978,the weeknd_can't feel my face,2016-07-09,23
1979,the weeknd_can't feel my face,2016-07-16,15
1980,the weeknd_can't feel my face,2016-07-23,14
1981,the weeknd_can't feel my face,2016-07-30,22
1982,the weeknd_can't feel my face,2016-08-06,22
1983,the weeknd_can't feel my face,2016-08-13,12
1984,the weeknd_can't feel my face,2016-08-20,13
1985,the weeknd_can't feel my face,2016-08-27,18
1986,the weeknd_can't feel my face,2016-09-03,25
1987,the weeknd_can't feel my face,2016-09-10,10
1988,the weeknd_can't feel my face,2016-09-17,20
1989,the weeknd_can't feel my face,2016-09-24,10
1990,the weeknd_can't feel my face,2016-10-01,11
1991,the weeknd_can't feel my face,2016-10-08,8
1992,the weeknd_can't feel my face,2016-10-15,19
1993,the weeknd_can't feel my face,2016-10-22,14
1994,the weeknd_can't feel my face,2016-10-29,17
1995,the weeknd_can't feel my face,2016-11-05,9
1996,the weeknd_can't feel my face,2016-11-12,10
1997,the weeknd_can't feel my face,2016-11-19,17
1998,the weeknd_can't feel my face,2016-11-26,14
1999,the weeknd_can't feel my face,2016-12-03,17
2000,the weeknd_can't feel my face,2016-12-10,11
2001,the weeknd_can't feel my face,2016-12-17,12
2002,the weeknd_can't feel my face,2016-12-24,10
2003,the weeknd_can't feel my face,2016-12-31,18
2004,the weeknd_can't feel my face,2017-01-07,16
2005,the weeknd_can't feel my face,2017-01-14,16
2006,the weeknd_can't feel my face,2017-01-21,10
2007,the weeknd_can't feel my face,2017-01-28,16
2008,the weeknd_can't feel my face,2017-02-04,11
2009,the weeknd_can't feel my face,2017-02-11,7
2010,the weeknd_can't feel my face,2017-02-18,24
2011,the weeknd_can't feel my face,2017-02-25,9
2012,the weeknd_can't feel my face,2017-03-04,7
2013,the weeknd_can't feel my face,2017-03-11,18
2014,the weeknd_can't feel my face,2017-03-18,17
2015,the weeknd_can't feel my face,2017-03-25,10
2016,the weeknd_can't feel my face,2017-04-01,9
2017,the weeknd_can't feel my face,2017-04-08,10
2018,the weeknd_can't feel my face,2017-04-15,15
2019,the weeknd_can't feel my face,2017-04-22,10
2020,the weeknd_can't feel my face,2017-04-29,13
2021,the weeknd_can't feel my face,2017-05-06,9
2022,the weeknd_can't feel my face,2017-05-13,11
2023,the weeknd_can't feel my face,2017-05-20,12
2024,the weeknd_can't feel my face,2017-05-27,20
2025,the weeknd_can't feel my face,2017-06-03,18
2026,the weeknd_can't feel my face,2017-06-10,14
2027,the weeknd_can't feel my face,2017-06-17,19
2028,the weeknd_can't feel my face,2017-06-24,16
2029,the weeknd_can't feel my face,2017-07-01,14
2030,the weeknd_can't feel my face,2017-07-08,30
2031,the weeknd_can't feel my face,2017-07-15,17
2032,the weeknd_can't feel my face,2017-07-22,15
2033,the weeknd_can't feel my face,2017-07-29,18
2034,the weeknd_can't feel my face,2017-08-05,14
2035,the weeknd_can't feel my face,2017-08-12,10
2036,the weeknd_can't feel my face,2017-08-19,12
2037,the weeknd_can't feel my face,2017-08-26,17
2038,the weeknd_can't feel my face,2017-09-02,16
2039,the weeknd_can't feel my face,2017-09-09,8
2040,the weeknd_can't feel my face,2017-09-16,18
2041,the weeknd_can't feel my face,2017-09-23,9
2042,the weeknd_can't feel my face,2017-09-30,13
2043,the weeknd_can't feel my face,2017-10-07,20
2044,the weeknd_can't feel my face,2017-10-14,14
2045,the weeknd_can't feel my face,2017-10-21,17
2046,the weeknd_can't feel my face,2017-10-28,27
2047,the weeknd_can't feel my face,2017-11-04,13
2048,the weeknd_can't feel my face,2017-12-30,10
2049,the weeknd_the hills,2015-05-30,5
2050,the weeknd_the hills,2015-06-06,14
2051,the weeknd_the hills,2015-06-13,20
2052,the weeknd_the hills,2015-06-20,12
2053,the weeknd_the hills,2015-06-27,22
2054,the weeknd_the hills,2015-07-04,24
2055,the weeknd_the hills,2015-07-11,30
2056,the weeknd_the hills,2015-07-18,24
2057,the weeknd_the hills,2015-07-25,18
2058,the weeknd_the hills,2015-08-01,21
2059,the weeknd_the hills,2015-08-08,17
2060,the weeknd_the hills,2015-08-15,12
2061,the weeknd_the hills,2015-08-22,21
2062,the weeknd_the hills,2015-08-29,25
2063,the weeknd_the hills,2015-09-05,47
2064,the weeknd_the hills,2015-09-12,44
2065,the weeknd_the hills,2015-09-19,46
2066,the weeknd_the hills,2015-09-26,51
2067,the weeknd_the hills,2015-10-03,37
2068,the weeknd_the hills,2015-10-10,47
2069,the weeknd_the hills,2015-10-17,42
2070,the weeknd_the hills,2015-10-24,28
2071,the weeknd_the hills,2015-10-31,56
2072,the weeknd_the hills,2015-11-07,33
2073,the weeknd_the hills,2015-11-14,31
2074,the weeknd_the hills,2015-11-21,32
2075,the weeknd_the hills,2015-11-28,23
2076,the weeknd_the hills,2015-12-05,20
2077,the weeknd_the hills,2015-12-12,54
2078,the weeknd_the hills,2015-12-19,47
2079,the weeknd_the hills,2015-12-26,32
2080,the weeknd_the hills,2016-01-02,30
2081,the weeknd_the hills,2016-01-09,26
2082,the weeknd_the hills,2016-01-16,19
2083,the weeknd_the hills,2016-01-23,13
2084,the weeknd_the hills,2016-01-30,26
2085,the weeknd_the hills,2016-02-06,17
2086,the weeknd_the hills,2016-02-13,22
2087,the weeknd_the hills,2016-02-20,26
2088,the weeknd_the hills,2016-02-27,12
2089,the weeknd_the hills,2016-03-05,24
2090,the weeknd_the hills,2016-03-12,24
2091,the weeknd_the hills,2016-03-19,30
2092,the weeknd_the hills,2016-03-26,12
2093,the weeknd_the hills,2016-04-02,17
2094,the weeknd_the hills,2016-04-09,18
2095,the weeknd_the hills,2016-04-16,21
2096,the weeknd_the hills,2016-04-23,24
2097,the weeknd_the hills,2016-04-30,20
2098,the weeknd_the hills,2016-05-07,14
2099,the weeknd_the hills,2016-05-14,16
2100,the weeknd_the hills,2016-05-21,19
2101,the weeknd_the hills,2016-05-28,12
2102,the weeknd_the hills,2016-06-04,14
2103,the weeknd_the hills,2016-06-11,18
2104,the weeknd_the hills,2016-06-18,19
2105,the weeknd_the hills,2016-06-25,18
2106,the weeknd_the hills,2016-07-02,21
2107,the weeknd_the hills,2016-07-09,14
2108,the weeknd_the hills,2016-07-16,17
2109,the weeknd_the hills,2016-07-23,17
2110,the weeknd_the hills,2016-07-30,16
2111,the weeknd_the hills,2016-08-06,29
2112,the weeknd_the hills,2016-08-13,7
2113,the weeknd_the hills,2016-08-20,11
2114,the weeknd_the hills,2016-08-27,14
2115,the weeknd_the hills,2016-09-03,20
2116,the weeknd_the hills,2016-09-10,12
2117,the weeknd_the hills,2016-09-17,10
2118,the weeknd_the hills,2016-09-24,16
2119,the weeknd_the hills,2016-10-01,8
2120,the weeknd_the hills,2016-10-08,16
2121,the weeknd_the hills,2016-10-15,19
2122,the weeknd_the hills,2016-10-22,8
2123,the weeknd_the hills,2016-10-29,20
2124,the weeknd_the hills,2016-11-05,14
2125,the weeknd_the hills,2016-11-12,17
2126,the weeknd_the hills,2016-11-19,17
2127,the weeknd_the hills,2016-11-26,11
2128,the weeknd_the hills,2016-12-03,12
2129,the weeknd_the hills,2016-12-10,13
2130,the weeknd_the hills,2016-12-17,16
2131,the weeknd_the hills,2016-12-24,14
2132,the weeknd_the hills,2016-12-31,26
2133,the weeknd_the hills,2017-01-07,18
2134,the weeknd_the hills,2017-01-14,11
2135,the weeknd_the hills,2017-01-21,16
2136,the weeknd_the hills,2017-01-28,15
2137,the weeknd_the hills,2017-02-04,18
2138,the weeknd_the hills,2017-02-11,9
2139,the weeknd_the hills,2017-02-18,16
2140,the weeknd_the hills,2017-02-25,12
2141,the weeknd_the hills,2017-03-04,14
2142,the weeknd_the hills,2017-03-11,15
2143,the weeknd_the hills,2017-03-18,14
2144,the weeknd_the hills,2017-03-25,14
2145,the weeknd_the hills,2017-04-01,4
2146,the weeknd_the hills,2017-04-08,15
2147,the weeknd_the hills,2017-04-15,16
2148,the weeknd_the hills,2017-04-22,12
2149,the weeknd_the hills,2017-04-29,11
2150,the weeknd_the hills,2017-05-06,8
2151,the weeknd_the hills,2017-05-13,16
2152,the weeknd_the hills,2017-05-20,16
2153,the weeknd_the hills,2017-05-27,23
2154,the weeknd_the hills,2017-06-03,19
2155,the weeknd_the hills,2017-06-10,24
2156,the weeknd_the hills,2017-06-17,31
2157,the weeknd_the hills,2017-06-24,18
2158,the weeknd_the hills,2017-07-01,13
2159,the weeknd_the hills,2017-07-08,26
2160,the weeknd_the hills,2017-07-15,17
2161,the weeknd_the hills,2017-07-22,19
2162,the weeknd_the hills,2017-07-29,24
2163,the weeknd_the hills,2017-08-05,15
2164,the weeknd_the hills,2017-08-12,16
2165,the weeknd_the hills,2017-08-19,16
2166,the weeknd_the hills,2017-08-26,23
2167,the weeknd_the hills,2017-09-02,14
2168,the weeknd_the hills,2017-09-09,19
2169,the weeknd_the hills,2017-09-16,15
2170,the weeknd_the hills,2017-09-23,13
2171,the weeknd_the hills,2017-09-30,16
2172,the weeknd_the hills,2017-10-07,22
2173,the weeknd_the hills,2017-10-14,26
2174,the weeknd_the hills,2017-10-21,26
2175,the weeknd_the hills,2017-10-28,40
2176,the weeknd_the hills,2017-11-04,17
2177,the weeknd_the hills,2017-12-30,6
2178,wiz khalifa_see you again,2015-03-21,2
2179,wiz khalifa_see you again,2015-04-04,5
2180,wiz khalifa_see you again,2015-04-11,15
2181,wiz khalifa_see you again,2015-04-18,20
2182,wiz khalifa_see you again,2015-04-25,35
2183,wiz khalifa_see you again,2015-05-02,33
2184,wiz khalifa_see you again,2015-05-09,25
2185,wiz khalifa_see you again,2015-05-16,22
2186,wiz khalifa_see you again,2015-05-23,34
2187,wiz khalifa_see you again,2015-05-30,29
2188,wiz khalifa_see you again,2015-06-06,23
2189,wiz khalifa_see you again,2015-06-13,34
2190,wiz khalifa_see you again,2015-06-20,23
2191,wiz khalifa_see you again,2015-06-27,15
2192,wiz khalifa_see you again,2015-07-04,24
2193,wiz khalifa_see you again,2015-07-11,17
2194,wiz khalifa_see you again,2015-07-18,14
2195,wiz khalifa_see you again,2015-07-25,19
2196,wiz khalifa_see you again,2015-08-01,6
2197,wiz khalifa_see you again,2015-08-08,8
2198,wiz khalifa_see you again,2015-08-15,5
2199,wiz khalifa_see you again,2015-08-22,2
2200,wiz khalifa_see you again,2015-08-29,9
2201,wiz khalifa_see you again,2015-09-05,12
2202,wiz khalifa_see you again,2015-09-12,10
2203,wiz khalifa_see you again,2015-09-19,7
2204,wiz khalifa_see you again,2015-09-26,9
2205,wiz khalifa_see you again,2015-10-03,6
2206,wiz khalifa_see you again,2015-10-10,5
2207,wiz khalifa_see you again,2015-10-17,10
2208,wiz khalifa_see you again,2015-10-24,8
2209,wiz khalifa_see you again,2015-10-31,8
2210,wiz khalifa_see you again,2015-11-07,9
2211,wiz khalifa_see you again,2015-11-14,8
2212,wiz khalifa_see you again,2015-11-21,5
2213,wiz khalifa_see you again,2015-11-28,5
2214,wiz khalifa_see you again,2015-12-05,7
2215,wiz khalifa_see you again,2015-12-12,12
2216,wiz khalifa_see you again,2015-12-19,13
2217,wiz khalifa_see you again,2015-12-26,9
2218,wiz khalifa_see you again,2016-01-02,9
2219,wiz khalifa_see you again,2016-01-09,5
2220,wiz khalifa_see you again,2016-01-16,4
2221,wiz khalifa_see you again,2016-01-23,11
2222,wiz khalifa_see you again,2016-01-30,6
2223,wiz khalifa_see you again,2016-02-06,10
2224,wiz khalifa_see you again,2016-02-13,8
2225,wiz khalifa_see you again,2016-02-20,3
2226,wiz khalifa_see you again,2016-02-27,9
2227,wiz khalifa_see you again,2016-03-05,4
2228,wiz khalifa_see you again,2016-03-12,8
2229,wiz khalifa_see you again,2016-03-19,5
2230,wiz khalifa_see you again,2016-03-26,5
2231,wiz khalifa_see you again,2016-04-02,2
2232,wiz khalifa_see you again,2016-04-09,6
2233,wiz khalifa_see you again,2016-04-16,2
2234,wiz khalifa_see you again,2016-04-23,8
2235,wiz khalifa_see you again,2016-04-30,6
2236,wiz khalifa_see you again,2016-05-07,9
2237,wiz khalifa_see you again,2016-05-14,8
2238,wiz khalifa_see you again,2016-05-21,9
2239,wiz khalifa_see you again,2016-05-28,14
2240,wiz khalifa_see you again,2016-06-04,6
2241,wiz khalifa_see you again,2016-06-11,11
2242,wiz khalifa_see you again,2016-06-18,9
2243,wiz khalifa_see you again,2016-06-25,10
2244,wiz khalifa_see you again,2016-07-02,6
2245,wiz khalifa_see you again,2016-07-09,7
2246,wiz khalifa_see you again,2016-07-16,13
2247,wiz khalifa_see you again,2016-07-23,4
2248,wiz khalifa_see you again,2016-07-30,3
2249,wiz khalifa_see you again,2016-08-06,9
2250,wiz khalifa_see you again,2016-08-13,4
2251,wiz khalifa_see you again,2016-08-20,4
2252,wiz khalifa_see you again,2016-08-27,13
2253,wiz khalifa_see you again,2016-09-03,7
2254,wiz khalifa_see you again,2016-09-10,11
2255,wiz khalifa_see you again,2016-09-17,6
2256,wiz khalifa_see you again,2016-09-24,6
2257,wiz khalifa_see you again,2016-10-01,1
2258,wiz khalifa_see you again,2016-10-08,4
2259,wiz khalifa_see you again,2016-10-15,2
2260,wiz khalifa_see you again,2016-10-22,6
2261,wiz khalifa_see you again,2016-10-29,9
2262,wiz khalifa_see you again,2016-11-05,1
2263,wiz khalifa_see you again,2016-11-12,4
2264,wiz khalifa_see you again,2016-11-19,5
2265,wiz khalifa_see you again,2016-11-26,6
2266,wiz khalifa_see you again,2016-12-03,5
2267,wiz khalifa_see you again,2016-12-10,9
2268,wiz khalifa_see you again,2016-12-17,9
2269,wiz khalifa_see you again,2016-12-24,5
2270,wiz khalifa_see you again,2016-12-31,3
2271,wiz khalifa_see you again,2017-01-07,4
2272,wiz khalifa_see you again,2017-01-14,5
2273,wiz khalifa_see you again,2017-01-21,4
2274,wiz khalifa_see you again,2017-01-28,9
2275,wiz khalifa_see you again,2017-02-04,9
2276,wiz khalifa_see you again,2017-02-11,9
2277,wiz khalifa_see you again,2017-02-18,11
2278,wiz khalifa_see you again,2017-02-25,6
2279,wiz khalifa_see you again,2017-03-04,7
2280,wiz khalifa_see you again,2017-03-11,12
2281,wiz khalifa_see you again,2017-03-18,13
2282,wiz khalifa_see you again,2017-03-25,5
2283,wiz khalifa_see you again,2017-04-01,11
2284,wiz khalifa_see you again,2017-04-08,11
2285,wiz khalifa_see you again,2017-04-15,8
2286,wiz khalifa_see you again,2017-04-22,9
2287,wiz khalifa_see you again,2017-04-29,10
2288,wiz khalifa_see you again,2017-05-06,9
2289,wiz khalifa_see you again,2017-05-13,8
2290,wiz khalifa_see you again,2017-05-20,7
2291,wiz khalifa_see you again,2017-05-27,9
2292,wiz khalifa_see you again,2017-06-03,6
2293,wiz khalifa_see you again,2017-06-10,5
2294,wiz khalifa_see you again,2017-06-17,8
2295,wiz khalifa_see you again,2017-06-24,7
2296,wiz khalifa_see you again,2017-07-01,11
2297,wiz khalifa_see you again,2017-07-08,13
2298,wiz khalifa_see you again,2017-07-15,9
2299,wiz khalifa_see you again,2017-07-22,8
2300,wiz khalifa_see you again,2017-07-29,7
2301,wiz khalifa_see you again,2017-08-05,7
2302,wiz khalifa_see you again,2017-08-12,6
2303,wiz khalifa_see you again,2017-08-19,7
2304,wiz khalifa_see you again,2017-08-26,9
2305,wiz khalifa_see you again,2017-09-02,12
2306,wiz khalifa_see you again,2017-09-09,9
2307,wiz khalifa_see you again,2017-09-16,13
2308,wiz khalifa_see you again,2017-09-23,5
2309,wiz khalifa_see you again,2017-09-30,7
2310,wiz khalifa_see you again,2017-10-07,8
2311,wiz khalifa_see you again,2017-10-14,9
2312,wiz khalifa_see you again,2017-10-21,13
2313,wiz khalifa_see you again,2017-10-28,14
2314,wiz khalifa_see you again,2017-11-04,8
